,features_cluster
AAACAAGTATCTCCCA-1,3
AAACAATCTACTAGCA-1,6
AAACACCAATAACTGC-1,8
AAACAGAGCGACTCCT-1,6
AAACCGGGTAGGTACC-1,2
AAACCGTTCGTCCAGG-1,9
AAACCTCATGAAGTTG-1,2
AAACGAAGAACATACC-1,10
AAACGAGACGGTTGAT-1,5
AAACGGTTGCGAACTG-1,6
AAACTCGGTTCGCAAT-1,6
AAACTGCTGGCTCCAA-1,0
AAACTTGCAAACGTAT-1,8
AAAGACCCAAGTCGCG-1,13
AAAGGCCCTATAATAC-1,7
AAAGGCTACGGACCAT-1,0
AAAGGCTCTCGCGCCG-1,5
AAAGGGATGTAGCAAG-1,11
AAAGGGCAGCTTGAAT-1,8
AAAGTAGCATTGCTCA-1,8
AAAGTCACTGATGTAA-1,12
AAAGTCGACCCTCAGT-1,6
AAAGTGTGATTTATCT-1,3
AAAGTTGACTCCCGTA-1,3
AAATAACCATACGGGA-1,12
AAATACCTATAAGCAT-1,7
AAATAGCTTAGACTTT-1,6
AAATAGGGTGCTATTG-1,0
AAATCGTGTACCACAA-1,9
AAATGCTCGTTACGTT-1,1
AAATGGCATGTCTTGT-1,10
AAATGGCCCGTGCCCT-1,2
AAATGGTCAATGTGCC-1,1
AAATTAACGGGTAGCT-1,1
AAATTACACGACTCTG-1,10
AAATTACCTATCGATG-1,3
AAATTGATAGTCCTTT-1,2
AAATTGCGGCGGTTCT-1,2
AAATTTGCGGGTGTGG-1,2
AACAACTGGTAGTTGC-1,10
AACAATACATTGTCGA-1,7
AACAATTACTCTACGC-1,6
AACACACGCTCGCCGC-1,14
AACACGACTGTACTGA-1,10
AACACGAGACGCGGCC-1,2
AACACGCGGCCGCGAA-1,1
AACAGCTGTGTGGCAA-1,7
AACAGGAAATCGAATA-1,12
AACAGGATGGGCCGCG-1,8
AACATATCAACTGGTG-1,3
AACATTGAAGTTGATC-1,7
AACATTGTGACTCGAG-1,0
AACCAAGACTTCTCTG-1,8
AACCATGGGATCGCTA-1,1
AACCCAGAGACGGAGA-1,1
AACCCTACTGTCAATA-1,3
AACCCTGGTGGAACCA-1,12
AACCGAGCTTGGTCAT-1,12
AACCGCTAAGGGATGC-1,3
AACCGTTGTGTTTGCT-1,10
AACCTCGCTTTAGCCC-1,4
AACCTTTAAATACGGT-1,0
AACCTTTACGACGTCT-1,12
AACGATAATGCCGTAG-1,0
AACGATAGAAGGGCCG-1,1
AACGATATGTCAACTG-1,4
AACGCGAACGGCAACA-1,2
AACGCGACCTTGGGCG-1,6
AACGCGGTCTCCAGCC-1,15
AACGCTGTTGCTGAAA-1,3
AACGGACGTACGTATA-1,0
AACGGCCATCTCCGGT-1,1
AACGTACTGTGGGTAC-1,9
AACGTCAGACTAGTGG-1,16
AACGTGATGAAGGACA-1,12
AACGTGCGAAAGTCTC-1,15
AACTAGCGTATCGCAC-1,12
AACTAGGCTTGGGTGT-1,0
AACTCAAGTTAATTGC-1,1
AACTCCAGAGCGTGTT-1,6
AACTCCTAATCCCATG-1,10
AACTCGATGGCGCAGT-1,1
AACTCTCAATAGAGCG-1,3
AACTCTCAGTGTGCTC-1,1
AACTGATATTAGGCCT-1,4
AACTGGGTCCCGACGT-1,12
AACTGGTGTGGGCCTT-1,1
AACTTCTGCGTCTATC-1,8
AACTTGCCCGTATGCA-1,6
AACTTGCGTTCTCGCG-1,2
AACTTTAGCTGCTGAG-1,10
AAGAAGGATCAGTTAG-1,1
AAGACCCAACTGAACA-1,0
AAGACTAACCCGTTGT-1,2
AAGACTGCAAGCTACT-1,5
AAGAGATGAATCGGTA-1,8
AAGAGCTCTTTATCGG-1,5
AAGAGGATGTACGCGA-1,2
AAGAGGCATGGATCGC-1,5
AAGATGGCACCGGACC-1,7
AAGATTGGCGGAACGT-1,3
AAGCACCCTGCGTATC-1,14
AAGCATACTCTCCTGA-1,0
AAGCCGCCGTGAAATC-1,7
AAGCGTCCCTCATCGA-1,7
AAGCTAGATCGAGTAA-1,0
AAGCTCGTGCCAAGTC-1,5
AAGCTCTTTCATGGTG-1,14
AAGGAGAACTTATAAG-1,6
AAGGAGCGGTTGGTGC-1,1
AAGGATGAGGGACCTC-1,4
AAGGCGCGTAAAGCTT-1,16
AAGGCTGTGCTCATCG-1,1
AAGGGAACGACTGGCT-1,7
AAGGGACAGATTCTGT-1,3
AAGGGACTATGCATTC-1,7
AAGGTATCCTAATATA-1,4
AAGGTGATAAACCAGC-1,3
AAGTAGAAGACCGGGT-1,11
AAGTAGTGACGCGAGG-1,1
AAGTCAATTGTCGTCA-1,3
AAGTGACGACCGAATT-1,2
AAGTGAGTCGGGTTTA-1,7
AAGTGCCTTGACTGTA-1,3
AAGTGCGTTAGAATCT-1,2
AAGTGCTTCTCTATTG-1,8
AAGTGTTTGGAGACGG-1,0
AAGTTCACTCCAAGCT-1,14
AAGTTCGGCCAACAGG-1,2
AAGTTTACTAATGGCA-1,13
AATAACAACGCTCGGC-1,2
AATAACACTAGAACAA-1,7
AATAAGTCCTCGAGAC-1,6
AATACAATGTTTCAGG-1,2
AATACCGGAGGGCTGT-1,7
AATAGAACAGAGTGGC-1,9
AATAGAATCTGTTTCA-1,0
AATAGTCCGTCCCGAC-1,0
AATATCAAGGTCGGAT-1,13
AATATCGAGGGTTCTC-1,3
AATATTGGAGTATTGA-1,2
AATCAGACTGCAGGAC-1,2
AATCAGGTTTCATTTA-1,7
AATCATGTAAAGACTC-1,3
AATCCAAGGGCCTGAG-1,5
AATCCATGCAAGGGTG-1,1
AATCGCCTCAGCGCCA-1,4
AATCGGGACACTACGA-1,10
AATCTAGGTTTACTTG-1,6
AATCTGCGTTGGGACG-1,3
AATCTGGCTTTCTAGT-1,6
AATGACAGCAATGTCT-1,8
AATGACGTAGGATGTC-1,0
AATGACTGTCAGCCGG-1,8
AATGAGTTCGCATATG-1,2
AATGATGATACGCTAT-1,3
AATGATGCGACTCCTG-1,6
AATGCAACCGGGTACC-1,11
AATGCACCAAGCAATG-1,3
AATGGTTCTCACAAGC-1,8
AATGTGCCCGAGGTGT-1,8
AATGTGCTAATCTGAG-1,7
AATTAAAGGTCGGCGT-1,9
AATTAACGGATTTCCA-1,0
AATTAGCGCTGCAGCG-1,0
AATTCATAAGGGATCT-1,4
AATTCCAAGCATGTAC-1,7
AATTCTAGAGTTAGGC-1,5
AATTGAACGCTCTGGT-1,0
AATTTGGGACATAGTA-1,10
AATTTGGTTCCAAAGA-1,10
ACAAACCATGCGTCCT-1,8
ACAAATCGCACCGAAT-1,0
ACAAATGGTAGTGTTT-1,0
ACAACAGCATGAGCTA-1,11
ACAACGGTCCCTGCGA-1,8
ACAAGCAGTGCCTAGC-1,2
ACAAGGAAATCCGCCC-1,0
ACAAGGACAAGAGGTT-1,1
ACAAGGATGCTTTAGG-1,0
ACAAGGGCAGGCTCTG-1,0
ACAATAGTCGTACGTT-1,2
ACAATCCATTTAAACC-1,1
ACAATGAATACGGAGA-1,7
ACAATTGTGTCTCTTT-1,3
ACAATTTGAGCAGTGG-1,4
ACACAAAGACGGGTGG-1,11
ACACACCAGGACCAGT-1,0
ACACACTTTCTACACG-1,10
ACACATGATCAAATCT-1,8
ACACCCAGCATGCAGC-1,8
ACACCCGAGAAATCCG-1,11
ACACCGGTCTGACCGC-1,8
ACACCTTAAGTAGGGC-1,16
ACACGAGACTCCTTCT-1,11
ACACGGCACTATGCAT-1,12
ACACGGGAACTTAGGG-1,12
ACACTCCAATGTCACT-1,2
ACACTGATCAAGGTGT-1,9
ACAGAACTGAGAACAA-1,2
ACAGATTAGGTTAGTG-1,10
ACAGCATAGAGCCAGT-1,7
ACAGCGCACCCGCAGC-1,10
ACAGGCTTGCCCGACT-1,14
ACAGGTGGAGGTGAGG-1,9
ACATAATAAGGCGGTG-1,10
ACATCCCGGCCATACG-1,7
ACATCCTGGTAACTGT-1,3
ACATCGATCGTTTACC-1,9
ACATCGGTCAGCCGCG-1,13
ACATCGTATGCAATGG-1,0
ACATCGTTAACCTAGT-1,4
ACATGGCGCCAAAGTA-1,3
ACATTAGTTTATATCC-1,5
ACCAACGCTTATTTAT-1,9
ACCAAGAACGCGTGTC-1,15
ACCAATATGCAAGTTA-1,14
ACCACAACTCAGAACA-1,6
ACCACAAGTTTCTATC-1,1
ACCACGTGCAGCTATA-1,0
ACCAGGAGTGTGATCT-1,6
ACCAGTGCGGGAGACG-1,3
ACCATATCCGCAATAA-1,5
ACCATCGTATATGGTA-1,1
ACCCAACGCCCGTGGC-1,4
ACCCACCTACATGCTC-1,8
ACCCATCTTGAGGGTA-1,13
ACCCGAGCGAAATTAC-1,7
ACCCGATTGGTTCCGA-1,12
ACCCGGAAACTCCCAG-1,0
ACCCGGATGACGCATC-1,3
ACCCGGTTACACTTCC-1,7
ACCCGTGTCATCAGTA-1,0
ACCCTATAGGACTGAG-1,2
ACCCTATGCCATATCG-1,7
ACCCTCCCTTGCTATT-1,0
ACCCTTCATCTGCGAA-1,10
ACCGAAAGGGCCCTGC-1,10
ACCGACACATCTCCCA-1,0
ACCGACTGAGTCCCAC-1,3
ACCGATGGTAGCATCG-1,4
ACCGCAATAACTGCCT-1,0
ACCGCGGTGGAAGTCG-1,6
ACCGGGCCTTTGTTGA-1,3
ACCGGTCAGGTACACC-1,6
ACCGTGACCACGTGGG-1,7
ACCGTTCCCGCTCTGA-1,6
ACCTAAGTACCTTTCA-1,2
ACCTAATCGACTTCCT-1,1
ACCTCGAACTTATGCT-1,6
ACCTGCGTGTCATGTT-1,2
ACGAAATGGGCGGCAC-1,8
ACGACTGGTCATACTC-1,7
ACGAGAACCCATCACG-1,1
ACGAGATATTTGCTTA-1,4
ACGAGGATACCACTCT-1,2
ACGATACATAGAACTA-1,4
ACGATCATACATAGAG-1,11
ACGATCATCTTGTAAA-1,3
ACGATGCATATGTTAT-1,13
ACGATGGATCCGATGC-1,10
ACGCAAACTAATAGAT-1,7
ACGCATTCGTGAGTAC-1,5
ACGCCAGATGATTTCT-1,12
ACGCCGCTAGACGACC-1,15
ACGCGAAGTCAGACGA-1,5
ACGCGCTACACAGGGT-1,8
ACGCGGGCCAAGGACA-1,5
ACGCTAGTGATACACT-1,3
ACGGAATTTAGCAAAT-1,1
ACGGACTCTCAAAGCG-1,14
ACGGATGGTGCGGATA-1,14
ACGGCACTTGCTTGGG-1,5
ACGGCCAACATGGACT-1,5
ACGGCGACGATGGGAA-1,0
ACGGCGGGTTGCCCTG-1,6
ACGGGAGTGTCGGCCC-1,2
ACGGTCACCGAGAACA-1,7
ACGTACAGATTTCTCT-1,12
ACGTACTTTGGCACGG-1,8
ACGTAGATTGCTGATG-1,11
ACGTATTACTCCGATC-1,3
ACGTGCGCCTCGTGCA-1,5
ACGTTAATGTCGAAGA-1,15
ACGTTAGATTTGCCCG-1,13
ACGTTCCGCGCTCCGT-1,10
ACGTTCGTTCAGGAAA-1,7
ACGTTTAGTTGTGATC-1,12
ACTACATCCCGACAAG-1,7
ACTACCAGCTCTCTGG-1,16
ACTACGCGTTAGAATT-1,0
ACTAGTTGCGATCGTC-1,6
ACTATGTCCAGCTGCC-1,7
ACTATTCGTCCGTGGT-1,10
ACTATTTCCGGGCCCA-1,7
ACTCAACGAATGTATT-1,1
ACTCAAGTGCAAGGCT-1,4
ACTCAATAAAGGCACG-1,12
ACTCAGACCTGCTTCT-1,1
ACTCATGGCAGCCTTC-1,8
ACTCCAATATCATCAT-1,7
ACTCCCATTCCTAAAG-1,2
ACTCCCGAATTCGTTT-1,3
ACTCCCTAATGCTAAA-1,0
ACTCCCTAGAATAGTA-1,0
ACTCGTAACCCGTCCT-1,2
ACTCGTCAGTAATCCC-1,5
ACTCTCTGACTTAGGT-1,4
ACTCTCTTATACACGA-1,6
ACTCTTGTATAGTAAC-1,5
ACTGAAACGCCGTTAG-1,0
ACTGAATGGCGAAAGT-1,0
ACTGCCCGCCATTCTC-1,7
ACTGCCGTCGTAACTC-1,4
ACTGTACGATACACAT-1,5
ACTGTAGCACTTTGGA-1,11
ACTGTATACGCGAGCA-1,1
ACTGTCCAGGATTATA-1,1
ACTGTCTTCTTTAGAA-1,12
ACTGTGCTAGTAGATC-1,5
ACTTACCGGGCGCGCA-1,6
ACTTACGCATCCACGC-1,14
ACTTAGTACGACAAGA-1,1
ACTTATACTTACCCGG-1,4
ACTTATCTGATCTATA-1,6
ACTTATTAGGATCGGT-1,9
ACTTATTTATGTGCCA-1,3
ACTTCAGGCTGATCCC-1,0
ACTTCCATGCGGGACA-1,0
ACTTCGCCATACGCAC-1,5
ACTTGACTCCCTCTTT-1,15
ACTTGCCATATTGTAC-1,6
ACTTGGGACCCGGTGG-1,1
ACTTTACCCTCATGAA-1,6
ACTTTCCTATAGCTTC-1,11
AGAACGTGGTACATTC-1,11
AGAAGGTTGCCGAATT-1,1
AGAAGGTTGTAGGTCG-1,6
AGAAGTGATTCGTGAT-1,2
AGAATTATGGATTCGA-1,3
AGAATTGTTTGACATA-1,1
AGACATAGATCCTTCC-1,1
AGACCATGGGATACAA-1,15
AGACCCACCGCTGATC-1,0
AGACCCGCCCTCCTCG-1,11
AGACCGGGAAACCCTG-1,2
AGACGAAGTGCCGGTC-1,3
AGACGACGATGCCGCT-1,2
AGACTAGCCTTCCAGA-1,1
AGACTGTTACCGGGTC-1,7
AGAGAAACACCAGAAA-1,7
AGAGAACCGTCTAGGA-1,4
AGAGAAGGAGTACAAT-1,7
AGAGATCTCTAAAGCG-1,2
AGAGCAGTTATGAGAC-1,16
AGAGCGGGCTAATCAT-1,5
AGAGCGTACAAGCTCG-1,8
AGAGGCTTCGGAAACC-1,3
AGAGGTATCTCGGTCC-1,6
AGAGTAAACTTCACTA-1,6
AGATAACTTCAGGGCC-1,1
AGATACCGGTGTTCAC-1,13
AGATACGACTTCATAT-1,13
AGATACTCAAGATCGA-1,0
AGATATAATACGACTA-1,0
AGATCGTGCATAAGAT-1,3
AGATCTCAGGTGTGAT-1,5
AGATGACTCGCCCACG-1,11
AGATGATGGAGTCTGG-1,6
AGATGCAAGACGTGCA-1,8
AGATTATAGGACGTTT-1,5
AGCAAAGGCCGCTAGT-1,14
AGCAACATATCTTATT-1,3
AGCAACCGAAAGTAAT-1,1
AGCACACGTTTAGACT-1,7
AGCACCAGTACTCACG-1,3
AGCACTACCGGCCTGT-1,2
AGCACTACCTCACCAG-1,0
AGCACTTAAGGACGCC-1,10
AGCAGAAGGAGAAAGA-1,0
AGCAGCCAGATGAATA-1,0
AGCATATCAATATGCT-1,3
AGCATCATTTCGAAAG-1,8
AGCATCGTCGATAATT-1,11
AGCCAAGCTTTGTGTC-1,0
AGCCACTCCCGTGCTT-1,4
AGCCCATACATGTAAG-1,2
AGCCCGGCATTAGAGG-1,7
AGCCCGGTAGCCTGTA-1,7
AGCCCTAAGCGAAGTT-1,1
AGCCCTCCCTGGTGGC-1,7
AGCCGTGGCTAAATGT-1,8
AGCGACAGGAACGGTC-1,9
AGCGACATCCCATTCA-1,13
AGCGACCAACGATATT-1,11
AGCGAGACGTGAAGGC-1,8
AGCGCATAATGAATCG-1,0
AGCGCGGGTGCCAATG-1,3
AGCGGACACTTCGTAG-1,0
AGCGGGAAGGGTCCAT-1,5
AGCGGGTCTGACACTC-1,10
AGCGTACGAGAGCTAG-1,1
AGCGTCTGAACCCGCA-1,1
AGCGTGGTATTCTACT-1,0
AGCTAACAAGCAATGT-1,7
AGCTAGAAGCAGAAGT-1,12
AGCTATTTAATCCAAC-1,4
AGCTCCTTCGCACATC-1,14
AGCTCTAGACGTTCCA-1,15
AGCTCTTCCCAGTGCA-1,4
AGCTCTTTACTCAGTT-1,9
AGCTGAAGTAAACCAA-1,4
AGCTGTAACCTCAATC-1,2
AGCTTATAGAGACCTG-1,12
AGCTTGATCTTAACTT-1,2
AGGAAGCTGTCCGCCG-1,0
AGGACAGTCGAATCCC-1,0
AGGACATCGCACGTCG-1,15
AGGACGACCCATTAGA-1,9
AGGACGCTCGATGTTG-1,6
AGGAGGCCTTCGCGCG-1,15
AGGATAAAGTCGGGAT-1,0
AGGATATAGGGATTTA-1,3
AGGATCACGCGATCTG-1,6
AGGCAGATGCGTAAAC-1,4
AGGCAGGGAGCGTACT-1,5
AGGCATTGTCGTAGGG-1,3
AGGCCACCCGTTATGA-1,1
AGGCCCATTGTACAGG-1,5
AGGCCCTAGAACGCCA-1,2
AGGCCTGAGAATCTCG-1,6
AGGCGGTTTGTCCCGC-1,8
AGGCTATGGTTAGCTT-1,8
AGGCTTCCCGAAGAAG-1,9
AGGCTTGCTAGACACC-1,6
AGGGAAACGAGGTACT-1,12
AGGGACAGCACGGCGG-1,1
AGGGACTCTACGCGAC-1,5
AGGGCAGCGGCGTGGT-1,10
AGGGCGAGCAGCTGAT-1,2
AGGGCGTGATCGGCTA-1,15
AGGGCTGCAGTTACAG-1,5
AGGGTCGATGCGAACT-1,3
AGGGTGCCGTTCTTTA-1,7
AGGGTGCTCTCGAGGG-1,3
AGGGTTCCCTTTGGTT-1,4
AGGGTTTAGTTCGGGA-1,11
AGGTAACCTCCTATTC-1,5
AGGTACGATATTGCCA-1,10
AGGTAGATCGAGATAT-1,7
AGGTAGGTACAAAGCT-1,1
AGGTCAGGTGAGAGTG-1,2
AGGTGGTGACCTTCGC-1,0
AGGTGTATCGCCATGA-1,2
AGGTTGAGGCACGCTT-1,5
AGGTTTCACACACCTT-1,5
AGTAATGTCTTGCCGC-1,5
AGTACGGGCACCTGGC-1,4
AGTACTCTTATGCCCA-1,14
AGTAGGTAACATACAT-1,1
AGTATAATACTAGGCA-1,8
AGTATACACAGCGACA-1,7
AGTATCCATAATAACG-1,6
AGTATGCTGGAGACCA-1,8
AGTATTTGGCACGACC-1,7
AGTCAAATGATGTGAT-1,7
AGTCAACACCACCATC-1,7
AGTCAAGATGACACTT-1,0
AGTCACTAGCTCTCGA-1,6
AGTCACTCCGCCTCAT-1,1
AGTCAGCCACCGCCTG-1,13
AGTCCATTGGCTGATG-1,3
AGTCCCGCCTTTAATT-1,10
AGTCGACGGTCTCAAG-1,4
AGTCGGCCCAAACGAC-1,16
AGTCGGCTCAACTTTA-1,2
AGTCGTCGACCACCAA-1,0
AGTCGTGGGCATTACG-1,2
AGTCTCACAAGACTAC-1,2
AGTCTTCTCCTCAAAT-1,15
AGTGAACAAACTTCTC-1,3
AGTGACCTACTTTACG-1,9
AGTGACTGTGACACAA-1,7
AGTGAGACTTCCAGTA-1,4
AGTGAGCCTCGCCGCC-1,3
AGTGATAACCTGCGCG-1,0
AGTGATATGAGTAGTT-1,9
AGTGATTCAAGCAGGA-1,4
AGTGCACGCTTAAGAA-1,3
AGTGCGTAGCTCGTAA-1,9
AGTGCTAAACACAGCA-1,6
AGTGCTTGCACGAATA-1,0
AGTGGCGGCAATTTGA-1,3
AGTGGCGTCTGAAGGT-1,6
AGTGTATTGCGCATTG-1,10
AGTGTGGTCTATTGTG-1,8
AGTTAAACACTTGCGA-1,1
AGTTAAGCGGTCCCGG-1,10
AGTTAAGTCAACCGCT-1,8
AGTTACTCTATCGTGG-1,10
AGTTCCTACAGAATTA-1,1
AGTTCCTATTTATGTT-1,5
AGTTCTGCGTTGTATC-1,2
AGTTGACATCGGCTGG-1,1
AGTTGACGGTCCTTGC-1,7
AGTTGCTGACTGATAT-1,2
AGTTTCGCAGGTCGGA-1,10
AGTTTGCACCTGCCTC-1,14
AGTTTGGCACGGGTTG-1,3
AGTTTGGCCAGACCTA-1,2
ATAAACCATTGGACGG-1,6
ATAAACGGACCCGTAA-1,5
ATAAAGGCTCGGTCGT-1,1
ATAAATATTAGCAGCT-1,2
ATAACGCCGGAGGGTC-1,4
ATAACGGAGTCCAACG-1,5
ATAAGGTGGAGAACAT-1,0
ATAAGTTACCGCGACG-1,9
ATAATAGCTGTTGAAT-1,5
ATAATAGTGTAGGGAC-1,13
ATAATCTTGGAGAACC-1,14
ATAATTAGCTAAGTAG-1,3
ATACAGGCCCTCCAAT-1,0
ATACCACGGGCAACTT-1,2
ATACCAGCAAATTGCT-1,6
ATACCAGGCTAATAGA-1,12
ATACCTAACCAAGAAA-1,0
ATACGCCGATCTACCG-1,6
ATACGCCGGCGAAACC-1,4
ATACGGAACGTCGTTT-1,8
ATACGGGTTTCGATTG-1,4
ATACGTACTTAGCCAC-1,0
ATACGTCCACTCCTGT-1,3
ATACGTTATGCACGGA-1,0
ATACTAGCATGACCCT-1,15
ATACTCTCGCCACTCT-1,1
ATACTGCCTTACACCG-1,14
ATAGACAACGGGACCT-1,3
ATAGACGAAGAGAAAG-1,1
ATAGAGTACTGGGACA-1,16
ATAGAGTTATCAACTT-1,3
ATAGGCGGCTATAGAA-1,8
ATAGGCTAGCTTCGCA-1,3
ATAGGGATATCCTTGA-1,5
ATAGGTTGGGCAGATG-1,3
ATAGTCTTTGACGTGC-1,10
ATAGTGAAGCGTTCTC-1,9
ATAGTTCCACCCACTC-1,3
ATATAAAGCGCTCGTG-1,0
ATATAAATGTAGCTGC-1,0
ATATCAACCTACAGAG-1,6
ATATCGTTCCTCGAAC-1,12
ATATCTCCCTCGTTAA-1,4
ATATCTTAGGGCCTTC-1,0
ATATGTCTCCCTAGCC-1,3
ATATTCAGTTAAACCT-1,13
ATATTCCACATAGTGA-1,0
ATATTCCCACAGGTCA-1,12
ATATTGCTGTCAAAGT-1,8
ATATTTAACCCTCAAG-1,1
ATCAAACACTGTTCCA-1,6
ATCAAACGAAGGTTTG-1,2
ATCAATCTGGGCTGCA-1,11
ATCAATGCCGTGGCTG-1,8
ATCACATTAGAATATC-1,4
ATCACGTGCTAATTAA-1,2
ATCACTTCATCCTCGC-1,11
ATCAGACGGCACGCCG-1,9
ATCAGCCTCATGCTGC-1,14
ATCAGTAGGCAGGGAT-1,4
ATCATCCAATATTTGT-1,9
ATCCAACGCAGTCATA-1,16
ATCCAATGGAGGGTCC-1,2
ATCCACATCGACAGAA-1,14
ATCCAGAGCAACAACC-1,9
ATCCAGGATTCGTGAA-1,9
ATCCTACCTAAGCTCT-1,9
ATCCTGAATCGCTGCG-1,2
ATCCTGCGTGGAATGG-1,9
ATCCTGCTGCAGATAG-1,13
ATCGACCCAATACAGA-1,5
ATCGACTCTTTCCGTT-1,11
ATCGCACGATTGTTCA-1,6
ATCGCACGCCGGGAGA-1,11
ATCGCCAGTCAACATT-1,3
ATCGGAGACAGACGGC-1,0
ATCGGCAAGCAGTCCA-1,3
ATCGTGGAAAGTCTGG-1,7
ATCTAATATCCTACGG-1,0
ATCTAGCTTGTGAGGG-1,6
ATCTCCCTGCAATCTA-1,4
ATCTGACATGGAAGGA-1,7
ATCTGCACCTCTGCGA-1,3
ATCTGCTGTTATCGCC-1,6
ATCTGGGCTGTTCTTG-1,0
ATCTGGTTAAGACTGT-1,5
ATCTGTAATTGTACCC-1,5
ATCTTGACCTGCAACG-1,16
ATGAAGCCAAGGAGCC-1,11
ATGACGCCGGCTCTAA-1,1
ATGACGCGTTCTATCC-1,2
ATGACTATCAGCTGTG-1,0
ATGACTATGCGACATT-1,0
ATGAGGAGTGTTAATC-1,16
ATGATCGGGAATAGAC-1,11
ATGATGCAATGGTACA-1,9
ATGCACTACCGCATTG-1,8
ATGCATGATCCAGGAT-1,11
ATGCATTCCGTGATGG-1,2
ATGCCATTTGCGACCA-1,0
ATGCCGGTCTTGCATA-1,5
ATGCCGGTTGATGGGA-1,4
ATGCGACAGTCCCATT-1,5
ATGCGAGTCCCACCAC-1,3
ATGCTCAGTGTTGCAT-1,8
ATGCTCTGGCGCGGTA-1,14
ATGGAGCAGGCCGTGA-1,5
ATGGATCCGGCGTCCG-1,4
ATGGATTGACCAAACG-1,11
ATGGCAGCATTACGAT-1,8
ATGGGACCTGCTGAAC-1,7
ATGGGCCTCGGCCTCT-1,3
ATGGGTGTATACCTCC-1,7
ATGGTATTTACTGATT-1,6
ATGGTCGCGTGGTTTC-1,0
ATGTACGATGACGTCG-1,7
ATGTGAAAGCCTAATG-1,8
ATGTGCATCCGACGCA-1,11
ATGTGGACATCTTGAT-1,0
ATGTGTAGTTTAGTCA-1,1
ATGTTACGAGCAATAC-1,1
ATGTTGTAGTCTGTTT-1,6
ATTAAACATGCGGACC-1,9
ATTAATACTACGCGGG-1,12
ATTAATGAACCAGTCG-1,4
ATTAATTCGGTCACTC-1,10
ATTACAACTACCGGCC-1,10
ATTACGCGCTGGCAGG-1,8
ATTACTAGCCTCTTGC-1,11
ATTACTTACTGGGCAT-1,6
ATTAGATTGATAGCGG-1,11
ATTAGGCGATGCTTTC-1,5
ATTATACTTTGCTCGT-1,4
ATTATCTCGACAGATC-1,10
ATTATGCCATAGGGAG-1,11
ATTATTATGTCCGTCA-1,7
ATTCACTGATGTTGGA-1,0
ATTCAGGACCTATTTC-1,10
ATTCAGTAGCAGGGTC-1,8
ATTCATATACTGTCCA-1,5
ATTCATCGTTGAGGCA-1,12
ATTCCCACATAAACAA-1,8
ATTCCTCCGCCAGTGC-1,8
ATTCCTTCCAGGCGGT-1,1
ATTCGACGCCGGGCCT-1,2
ATTCTCGTCTCTTTAG-1,1
ATTCTTCGTACTTATG-1,6
ATTGAAGATCTTAGTG-1,1
ATTGACGTAACTCGGT-1,12
ATTGATAGCAACGAGA-1,2
ATTGATGAGTCCTAAC-1,3
ATTGCCTATTAGACCG-1,7
ATTGCGATCAGTAACT-1,3
ATTGCTGCTCCTCCAT-1,1
ATTGGATTACAGCGTA-1,6
ATTGGGAATATCTTGG-1,1
ATTGTACAACTCGGCT-1,3
ATTGTCGCAATACCTT-1,4
ATTTAACTCGTATTAC-1,5
ATTTACAGTTTACTGG-1,1
ATTTCATTATTTCGCG-1,12
ATTTCCGGGTTCTGCG-1,7
ATTTGCGCGAGTAGCT-1,2
ATTTGTCTTGGGAGCT-1,4
ATTTGTTCCAGGGCTC-1,4
CAAACGAGTATCGCAG-1,9
CAAACGGTCGCACTTT-1,1
CAAACTACGATAGAGA-1,12
CAAACTATTGAGCTTC-1,12
CAAAGATTATTGGGCC-1,7
CAAATCTCTCACAAGG-1,2
CAAATGTCCTTCCGTG-1,9
CAAATTGTCAGCAAGC-1,10
CAACGACCCGTTTACA-1,11
CAACGGTTCTTGATAC-1,11
CAACTATATCGAATGC-1,12
CAACTCCTTGATCCCG-1,13
CAACTGCTCATCCGAT-1,0
CAACTTGTAGTGGGCA-1,1
CAAGAGGGCGGAGTAC-1,0
CAAGATATTATAACGT-1,0
CAAGCAACGTCGGAGT-1,1
CAAGCACCAAATGCCT-1,5
CAAGCGGCACATAATT-1,0
CAAGGATCGCATGTTC-1,5
CAAGTGAACTTTGGTT-1,12
CAAGTGTGGTTGCAAA-1,3
CAATAAACCTTGGCCC-1,5
CAATATTCTTGACCTA-1,7
CAATATTGGACTAGTG-1,2
CAATCCCTATACCAGC-1,10
CAATCCTGCCGTGGAG-1,1
CAATGCGAGAAGTATC-1,14
CAATGGATCTCTACCA-1,4
CAATGGTCGGCCTGGG-1,10
CAATTAAGGGTGATGA-1,11
CAATTTCGTATAAGGG-1,5
CACAATGAGCTGCTAT-1,9
CACACAGGGATAGATT-1,8
CACACGCGCTGTCTTA-1,4
CACAGAGACGAGGACG-1,8
CACAGCACCCACGGCA-1,1
CACAGCTAGGGAGTGA-1,15
CACAGGGCCATATAGT-1,6
CACAGGGCCGTTGTCA-1,0
CACATAAGGCGACCGT-1,6
CACATATTAGCAGGAT-1,0
CACATCGTGCACGCGC-1,7
CACATCTCACCGACGA-1,14
CACATGATTCAGCAAC-1,5
CACATGTTTGGACATG-1,6
CACATTCTTTCGATGG-1,4
CACCAGTCAGCATGCA-1,7
CACCATCGGAGGAGAC-1,12
CACCCAAATCTTATGT-1,3
CACCCACACGTCACCC-1,13
CACCCACGAGGCAATT-1,4
CACCCGGTTTGTGACT-1,1
CACCCTAACAAGATCT-1,14
CACCCTTGGTGAGACC-1,6
CACCCTTTCCTCGCTC-1,13
CACCGATACACCGAGC-1,12
CACCGCCAGAAGGTTT-1,11
CACCGCCGACCAGCGA-1,12
CACCGGTAGAGACATT-1,6
CACCGTATCCCATCCG-1,6
CACCGTTAGGGATCAC-1,13
CACCGTTGCGCGATAT-1,2
CACCTAATAGAGTCGT-1,1
CACCTAATCAGTTTAC-1,4
CACCTCGATGGTGGAC-1,4
CACCTTGCGAAACTCG-1,4
CACCTTGGCGCCTTTG-1,3
CACGAAAGTTAGTCCC-1,1
CACGACTAAAGTTCTG-1,12
CACGCACAGCGCAGCT-1,5
CACGCAGCGAGGCTTT-1,1
CACGCGGAACTGTTGC-1,3
CACGTCGGCAACCTCT-1,1
CACGTTCGTGCTCTAG-1,4
CACGTTTCGTACACAC-1,14
CACTAAAGTTGCCTAT-1,5
CACTCAAGAGCTATGG-1,5
CACTCAGCTCTTGAGG-1,12
CACTCCTATGTAAGAT-1,7
CACTCCTCTCGGTCGG-1,4
CACTCGAGCTGAACAA-1,0
CACTGACGATTGTGGA-1,0
CACTGTCCAAGTGAGA-1,11
CACTTAATCAGACGGA-1,1
CACTTCGCCACAGGCT-1,8
CAGAACTTAGCCCTCT-1,14
CAGACACCGATCGCTG-1,9
CAGACCTGTAAGTGTT-1,3
CAGACGAACCTGATAC-1,9
CAGAGACGGTCACCCA-1,5
CAGAGCATGAGCTTGC-1,12
CAGAGGCGATGCATGA-1,9
CAGAGTGATTTAACGT-1,12
CAGATACTAACATAGT-1,16
CAGATATGAAGATGAC-1,8
CAGATCCTGGTTTGAA-1,1
CAGCAGCCCGTTCCTT-1,5
CAGCAGTCCAGACTAT-1,3
CAGCAGTCTGTGCTGC-1,14
CAGCCGGGCCCTCTAT-1,12
CAGCCTCCTGCAGAGG-1,4
CAGCCTCTCCTCAAGA-1,6
CAGCGATTCCCTTCAA-1,9
CAGCTCACTGAGACAT-1,1
CAGCTCGACAAGTTAA-1,3
CAGCTCGTGCTTGTGT-1,1
CAGCTGGCGTAACCGT-1,2
CAGCTTAGTAGGTAGC-1,2
CAGGAAGACTTTATAT-1,12
CAGGATATATCGTTGT-1,9
CAGGCCAGTACCACCT-1,6
CAGGCCGTTTGGGTGT-1,1
CAGGCGCACGGTGGTC-1,2
CAGGCGCCATGCTAGG-1,0
CAGTAATCCCTCCCAG-1,13
CAGTACCAGTTTACGT-1,2
CAGTAGCCCACGCGGT-1,3
CAGTCGAGGATGCAAT-1,3
CAGTCTCTCGGCTAAT-1,1
CAGTCTGTATACTGGG-1,0
CAGTGAATAAATGACT-1,4
CAGTGGTTGCACATGA-1,2
CAGTGTCCGCAGAATG-1,1
CAGTGTCGGCTGGCCC-1,14
CAGTGTTAATCTCTCA-1,7
CAGTTCAAATTGACAC-1,1
CAGTTCCGCGGGTCGA-1,11
CATAACGGACAGTCGT-1,3
CATAAGAAGCTTGGCT-1,0
CATAATGAGCGGGCGA-1,1
CATACAAAGCCGAACC-1,5
CATACACGGTTCCCAC-1,0
CATACCCGTACCCAGT-1,1
CATACGAACTAGCTGG-1,7
CATACGGCGTCTGGGC-1,5
CATACGGGTGCATGAT-1,6
CATACTATGTAATTGT-1,1
CATAGCCGCCCGGGAT-1,8
CATAGCGTTGCCCACC-1,7
CATAGTACATTGAGAG-1,4
CATAGTAGCATAGTAG-1,11
CATAGTCCACAAGAAC-1,2
CATATAGGTACAGTCA-1,9
CATATGTCAGGCTACG-1,2
CATATTATTTGCCCTA-1,10
CATCATCTACCCGGAC-1,10
CATCATTACCCTGAGG-1,14
CATCCAATATAGTTTG-1,8
CATCCTCTCAAAGATC-1,14
CATCGCCCGCGGCCAA-1,1
CATCGGACGGGTTAAT-1,9
CATCTTACACCACCTC-1,3
CATGAACCGACATTTG-1,1
CATGAACCTCTTATCA-1,6
CATGAGATGCACTCTC-1,14
CATGATGCACAATTCT-1,5
CATGATGGAAGTTAGC-1,3
CATGCATGGAGACCCT-1,6
CATGCCAACTCGCAAA-1,2
CATGCGACCAGTTTAA-1,3
CATGCGTTAGACAGAA-1,1
CATGCTGGCTCCAATT-1,10
CATGGATTGTCTTCCG-1,6
CATGGCAGGAAGATCG-1,11
CATGGGTATGCCTTAT-1,14
CATGGGTCGGGTGTGG-1,4
CATGGTAAGTAGCGTT-1,0
CATGGTCTAGATACCG-1,3
CATGTAAGAGACATTT-1,14
CATGTCTCATTTATGG-1,0
CATTACGTCGGCCCGT-1,11
CATTATCCCATTAACG-1,7
CATTATGCTTGTTGTG-1,16
CATTCACTGACAGCTA-1,6
CATTCAGGTCAGTGCG-1,2
CATTCCCTAAGTACAA-1,2
CATTTAGCGGACCATG-1,4
CATTTCTAGCAGACTA-1,1
CATTTGAGTGGTACGT-1,9
CCAAACAGAACCCTCG-1,11
CCAACCTTATGTAACT-1,6
CCAACGATGCACTGAT-1,1
CCAAGAAAGTGGGCGA-1,5
CCAAGACTTCTGCGAA-1,12
CCAAGCGTAACTCGTA-1,11
CCAAGGAACAGAGAGG-1,5
CCAATAGTGCCGTCGA-1,1
CCAATCGGTAGATCGA-1,10
CCAATGTCACAGCAAG-1,1
CCAATTACGGGTCGAG-1,10
CCAATTGAATGTTAAT-1,11
CCACAATGTACGTCTT-1,4
CCACACTGAGATATTA-1,1
CCACAGCTGAAATCAT-1,1
CCACAGTACCCATCCT-1,3
CCACCAACTTTACTGT-1,9
CCACCCAAGGAAAGTG-1,15
CCACGAGAAGAGAATC-1,0
CCACGGAGCCATAAGA-1,2
CCACGGCAGGTGTAGG-1,8
CCACTAAACTGAATCG-1,6
CCACTGGTGGCTGGTT-1,2
CCAGAAAGCAACTCAT-1,1
CCAGAGACAAAGCCGG-1,8
CCAGATAGTTGAGTGA-1,4
CCAGCCTGGACCAATA-1,5
CCAGCTACGCCTCATA-1,1
CCAGCTCGAACGCATT-1,0
CCAGCTGATGGTACTT-1,2
CCAGGGACGTGGCCTC-1,15
CCAGTAGTCTGATCCA-1,3
CCAGTCCATTATTCGA-1,2
CCAGTCTAGACGGCGC-1,4
CCAGTCTTGTCATAGA-1,0
CCATAAACAACCCGAC-1,12
CCATACCTTTACTTGT-1,3
CCATAGGTTGGCGTGG-1,1
CCATAGTCAGTAACCC-1,6
CCATCCATACCAAGTC-1,9
CCATCGCAGTTAAACT-1,5
CCATCTCACCAGTGAA-1,3
CCATCTTGTTCACAAT-1,13
CCATGCCCTAGATTTC-1,6
CCATGCCTGTTTAGTA-1,1
CCATGCTCTGCAGGAA-1,11
CCATGGCCCTTGTACC-1,2
CCATGTTCATCTATAT-1,7
CCATTAGCGATAATCC-1,1
CCATTCCCTGCCCACA-1,13
CCATTTCTACCTATTA-1,0
CCCAAACATGCTGCTC-1,4
CCCAACATACGTCGCG-1,13
CCCAACCACACTAACA-1,10
CCCAAGACAGAGTATG-1,12
CCCAATGAGATTTGCA-1,7
CCCAATTTCACAACTT-1,13
CCCAGTTAAGGCGCCG-1,0
CCCGACCATAGTCCGC-1,4
CCCGCAGCGCGAACTA-1,0
CCCGCAGGGCCCAAAG-1,12
CCCGCCATGCTCCCGT-1,11
CCCGCGCAATGCACCC-1,13
CCCGGGTCGTTCAGGG-1,0
CCCGGTGGAAGAACCT-1,2
CCCGGTGTATCGGAAT-1,8
CCCGTAAGTCTAGGCC-1,2
CCCGTAGCTGGGAAGA-1,7
CCCGTCAGCGTCTGAC-1,11
CCCTAGTGTCAGGTGT-1,2
CCCTATGTAGAGCAGA-1,7
CCCTCAGATCGAGAAC-1,6
CCCTCATTCTGGAATT-1,15
CCCTCGATAATACACA-1,7
CCCTGAAATGAGTTGA-1,1
CCCTGCCCAATCCGCT-1,8
CCCTGCGCTACGCATA-1,8
CCCTGGTATGGGCGGC-1,6
CCCTTTGACAGGTCTT-1,5
CCGAAAGTGGTGAGCA-1,13
CCGAACACTGGGCCTC-1,2
CCGAACCTTCCCGGCC-1,0
CCGAAGTATATTGTTC-1,2
CCGACAAAGGGAGTGC-1,8
CCGACGGGCATGAGGT-1,8
CCGAGGGATGTTAGGC-1,10
CCGATCTCAACCTTAT-1,3
CCGATTCGAGGGACCC-1,2
CCGCACAAAGACCAAC-1,15
CCGCACGTGACCTCGG-1,12
CCGCATGTGGTACGAT-1,0
CCGCCACCACAATCCA-1,6
CCGCCGGTCAACACAC-1,1
CCGCCTGCGAATTGGT-1,6
CCGCGGAATGCGTCAC-1,9
CCGCGGGTACGAAGAA-1,8
CCGCGTAGGTAAGGGC-1,2
CCGCTATCAGCACCAG-1,5
CCGCTGGTGCCATTCA-1,6
CCGCTTACCTCACTCT-1,2
CCGGAATGGTTTCAGT-1,8
CCGGAGCGTACTTTCT-1,0
CCGGCGCATATTGGAT-1,5
CCGGGACCCGCAGAGA-1,13
CCGGGCGGTCTCGTCA-1,5
CCGGGCTAAGAATTTC-1,7
CCGGGCTGCTCCATAC-1,4
CCGGGTTCGAGGTTAC-1,13
CCGGTTTGTAATTGTG-1,9
CCGTAAGTTGGTCCCA-1,5
CCGTACCCAAGCGCCA-1,5
CCGTATCTCGTCGTAG-1,8
CCGTGCCCATGACGGC-1,1
CCGTGTTAAATTCCAT-1,2
CCGTTACGTTAGAACA-1,4
CCGTTCCGAATCTCGG-1,2
CCTAAAGGCTGACGCT-1,10
CCTAAATTAACGGTTC-1,0
CCTAACCCAAACAAGT-1,0
CCTAACTAAGGCTCTA-1,3
CCTACATTCACAGACG-1,2
CCTACGGCTCAGTCGA-1,1
CCTACTGCTTACACTT-1,2
CCTAGGCGTAGCGATC-1,4
CCTAGTTAGTCGCATG-1,4
CCTATAATGAGTGCCC-1,0
CCTATACCGTCCTGTC-1,9
CCTATATTTGTCCTGG-1,0
CCTATCTATATCGGAA-1,4
CCTATGGCTCCTAGTG-1,7
CCTATGGGTTACCGTC-1,15
CCTCACCAATCTTGAC-1,15
CCTCACCTGAGGGAGC-1,3
CCTCACCTTAGCATCG-1,3
CCTCATGCAGCTACGA-1,1
CCTCCCGACAATCCCT-1,10
CCTCCGACAATTCAAG-1,1
CCTCGAAGTGGACGGG-1,4
CCTCGCCAGCAAATTA-1,4
CCTCGCGCGATATAGG-1,3
CCTCGCGCTGTGCGAT-1,0
CCTCGGACCGGGATAG-1,0
CCTCGGTTTCCTTGCC-1,6
CCTCTAATCTGCCAAG-1,5
CCTCTACAAGGATTGG-1,7
CCTCTATCGATTAGCA-1,2
CCTCTCTCCCATCTAG-1,1
CCTCTGGCCTAGACGG-1,4
CCTCTGTACTATTCTA-1,0
CCTGAACGATATATTC-1,4
CCTGAATATTTACATA-1,5
CCTGACCACCGATGGT-1,5
CCTGAGAATAAATGCA-1,6
CCTGCGATAGAACTGT-1,2
CCTGCTATTTGAGAAG-1,16
CCTGGCTAGACCCGCC-1,1
CCTGGTCGAATGTGGG-1,0
CCTGTAAGACATGATA-1,13
CCTGTACTCACGCCCA-1,2
CCTGTCACCCGGGCTC-1,12
CCTGTCGCCCGTAAAT-1,7
CCTGTTTGAAGACACG-1,12
CCTTCAGTTAAAGTGA-1,15
CCTTCTTGATCCAGTG-1,4
CCTTTAAGGGAGCACT-1,5
CCTTTCAATGAAGAAA-1,3
CGAAACATAGATGGCA-1,10
CGAAACGCAATTCATG-1,8
CGAACAGTATGGGCGT-1,3
CGAACCCGCATGCGTC-1,9
CGAACGCCCAGTGCCG-1,10
CGAAGTTGCTCTGTGT-1,1
CGAATCTGCTCGACGC-1,7
CGAATGAAGTCATTGC-1,7
CGAATGACGCATAATG-1,0
CGACAATTTGATCTAA-1,3
CGACACGCTCCGACAG-1,3
CGACAGTTCGCGTTAT-1,1
CGACATGCGATCTTCT-1,12
CGACTCAGGATGTTAT-1,4
CGAGACCCTAGAGTGT-1,9
CGAGAGATGTGAACCT-1,11
CGAGCACTTCAAGTTT-1,2
CGAGCGTTGATCAGCC-1,1
CGAGCTGGGCTTTAGG-1,4
CGAGGCCAGGCATTGG-1,2
CGAGGCTAAATATGGC-1,10
CGAGGGACTGCGGTCG-1,0
CGAGGGTATCCAGGTG-1,0
CGAGTACTAAAGAGGA-1,13
CGAGTGAAGGTACCAG-1,2
CGAGTGCTATAGTTCG-1,1
CGAGTTCTGTCCCACC-1,4
CGAGTTTATCGGACTG-1,4
CGATACCTCGCGGACA-1,1
CGATATTAGCCGCAGG-1,1
CGATCCGACCCAGTGC-1,1
CGATCCTCGCAACATA-1,7
CGATCTGTTGGAGGAC-1,2
CGATGGACCCTACGCC-1,3
CGATTAAATATCTCCT-1,0
CGATTCGCCTGGCTGC-1,0
CGCAAACACGAGTTAC-1,8
CGCAATTACTTTCGGT-1,11
CGCAATTAGGGTAATA-1,10
CGCAATTCTACAATAA-1,11
CGCACATGTCCACTAC-1,4
CGCACGTCTGTTTATG-1,7
CGCACGTGCGCTATCA-1,3
CGCAGAAACATTTGCG-1,10
CGCAGGCGATCCAAAC-1,6
CGCATCATGGCTTCAG-1,6
CGCATGGTGCGATGCT-1,5
CGCATTAGCTAATAGG-1,11
CGCCAAGAAGCCGAGT-1,6
CGCCACCCGCATTAAC-1,2
CGCCATCCGATTATGA-1,4
CGCCCAGCACGCCTAG-1,7
CGCCCGCTTCCGTACA-1,4
CGCCCTTGAAGGCTGA-1,2
CGCCGCCCATGCCTGT-1,4
CGCCTCCCTCCTCTAT-1,0
CGCCTGGCCTACGTAA-1,2
CGCGACCGCGACAGAT-1,14
CGCGAGTCTGCCGGGT-1,8
CGCGCAAATGTCCAGA-1,2
CGCGCAAGGAACTACA-1,2
CGCGCATGTTTGATTG-1,5
CGCGCCCGACTTAATA-1,4
CGCGGCTCAACTTGAA-1,3
CGCGGGAATTAGGCAG-1,5
CGCGTTCATGAAATAC-1,15
CGCTACGGGACATTTA-1,1
CGCTAGAGACCGCTGC-1,3
CGCTATACCGCCCACT-1,5
CGCTATTCAATGTATG-1,2
CGCTATTCTTAGGCTC-1,9
CGCTCGACATAATGAT-1,11
CGCTCTCCGTAGATTA-1,1
CGCTGAGGACGTCCAA-1,1
CGCTGGTGACTACCCT-1,3
CGCTGTGACGCCGCAC-1,16
CGCTGTGTGGATGTTG-1,9
CGCTTAGTATTGATAC-1,6
CGCTTATTCCCGGTCG-1,2
CGCTTCCACTGAAATC-1,11
CGCTTTCATACCGGTG-1,5
CGCTTTCTTGCATTCG-1,4
CGGAAAGAATCAAACG-1,5
CGGAACGTAAACATAG-1,9
CGGAGCAATTTAATCG-1,0
CGGAGCATGGCGATCC-1,5
CGGAGCTTATAACACC-1,12
CGGAGTTTGAGAGACA-1,12
CGGATAAGCGGACATG-1,6
CGGATCCTCAAGGACT-1,14
CGGATGAATGCTGTGA-1,7
CGGCAAACATCGTGCG-1,0
CGGCACCGTTAGCGCC-1,10
CGGCACTCAAGAAAGT-1,5
CGGCAGGGTCGGGTTG-1,3
CGGCCACGCACAAAGT-1,9
CGGCCCAGGTATATCC-1,6
CGGCGCCATCAATCCC-1,6
CGGCTTTGTATGATAA-1,10
CGGGAATATAGTATAC-1,3
CGGGAATTTATGTAAA-1,0
CGGGAGCTTCAGTGTA-1,0
CGGGATCAATGTAAGA-1,11
CGGGCAGCTAAACCGC-1,1
CGGGCCATAGCCGCAC-1,2
CGGGCCTTCTTTGTAA-1,5
CGGGTGTACCCATTTA-1,4
CGGTACTAGAATCAAA-1,4
CGGTAGAGGTGCAGGT-1,3
CGGTCAAGTGGGAACC-1,4
CGGTCCGTCGCAAGCC-1,0
CGGTCTATCAACCCGT-1,4
CGGTGAAGACTAAAGT-1,2
CGGTGCAGATAGAACG-1,13
CGGTGCGCGTTGGTCC-1,9
CGGTGTACTTGATCCC-1,13
CGGTTATCCAACAGTG-1,3
CGGTTCAAGTAGGTGT-1,3
CGGTTCCGGCTTCTTG-1,1
CGGTTGACCTGGCATA-1,2
CGGTTGAGTATCCTTC-1,7
CGTAAACGCTTGAGTG-1,1
CGTAAAGCAAGAAATC-1,7
CGTACCTGATAGGCCT-1,11
CGTAGCGAATTGTCAG-1,10
CGTAGCGCCGACGTTG-1,10
CGTATTAAGAGATCTA-1,1
CGTCACGTCCATTGGT-1,9
CGTCAGTGCGCACAAG-1,13
CGTCATACCATATCCA-1,2
CGTCGCTTGGTTATAC-1,7
CGTCGGATAGTGTTGA-1,3
CGTCGGGTCTAAGCGC-1,2
CGTCGTCCTTCGCGAA-1,14
CGTCTGGAAGGGCCCG-1,9
CGTGAAGTTAATTCAC-1,9
CGTGACATTGGGTCGT-1,12
CGTGACCAGTCCTCTG-1,0
CGTGCAGACTGGGACA-1,15
CGTGCATTGTCGACGC-1,13
CGTGCCCTCCCGAAGA-1,0
CGTGCTTCTACCTAAA-1,7
CGTGGCCGAATATCTA-1,3
CGTGGTACCCAAAGGC-1,7
CGTGTCCCATTCGCGA-1,1
CGTGTCTCGTTACGAC-1,7
CGTTAATGTCCCGACG-1,0
CGTTAGCTCACAACTG-1,12
CGTTCAGACCCGCGAA-1,0
CGTTCATGGTGCGCGT-1,2
CGTTGAATACCGCGCT-1,14
CGTTGAGCGACCGTCG-1,0
CGTTGCCCGCGTGGGA-1,6
CGTTGTCGGCAATTGA-1,0
CGTTGTTTCAATTCCC-1,1
CGTTTAAGCGGAGCAC-1,1
CGTTTCACTTCGGGCG-1,4
CGTTTCGCTCATTACA-1,1
CGTTTGTGTAGAGGGT-1,7
CTAAACGGGTGTAATC-1,1
CTAAAGAATGCCTACT-1,13
CTAAAGGGAAATAGGA-1,5
CTAAAGTCCGAAGCTA-1,6
CTAAATCCGGTGTACA-1,2
CTAAATCCTATTCCGG-1,4
CTAACCGCGCGCCCGT-1,13
CTAACGAAACTTGCTG-1,3
CTAACTGGTCCGGTTC-1,2
CTAAGGGAATGATTGG-1,0
CTAATTCGCACGCGCT-1,10
CTAATTTCAACAACAC-1,8
CTACAAGAAATAACCC-1,7
CTACACTAGCTTGTTC-1,8
CTACCCTAAGGTCATA-1,3
CTACGACTAGCTATAA-1,2
CTACGATCCTATCCTA-1,8
CTACGCACGGAGTACC-1,9
CTACGCCATTTCCGAT-1,10
CTACGTGTTGCCACCA-1,2
CTACTATCATAGGTTT-1,2
CTACTATCTTTCAGAG-1,3
CTACTCAAGGTATAGT-1,7
CTACTCTAGGCCCGGC-1,2
CTACTGCCACCTGACC-1,3
CTAGATAAACTCCTCG-1,1
CTAGATGTGAGTGTAA-1,3
CTAGATTTACGACGGC-1,0
CTAGCAACTAATTTAC-1,6
CTAGCATAGTATAATG-1,10
CTAGCCGATGTTATGA-1,6
CTAGGCGCCCTATCAG-1,0
CTAGGTCTGAAGGAAT-1,3
CTAGGTTCGGACGTGA-1,0
CTAGTAGAAAGGGATT-1,6
CTAGTATTCGGAATTA-1,10
CTAGTCACGTCTTAAG-1,5
CTAGTGAAGGACAGGA-1,1
CTAGTTACAACCCGGT-1,0
CTAGTTGGGCCCGGTA-1,15
CTATAAGAGCCAATCG-1,3
CTATAGGCGTTGATGT-1,7
CTATATCCAGCCTGGC-1,7
CTATCGACGAAATACA-1,14
CTATCGGGTCTCAACA-1,5
CTATGAACACCTTGCC-1,6
CTATGCCCGAATGCAA-1,0
CTATGTCACTAGCCCA-1,10
CTATGTCTATTGAAAC-1,1
CTATGTGAGTCACGGC-1,2
CTATTCATGTGTCCCA-1,0
CTATTTGGTTACGGAT-1,4
CTCAAACCACTGCCCG-1,7
CTCAACTAACCCGGAT-1,6
CTCACATTTACTAAAT-1,0
CTCACTGTGATACTTA-1,0
CTCACTTGGCTGGTAA-1,2
CTCAGGACTCACCTGT-1,13
CTCAGTCACGACAAAT-1,3
CTCATGGCTCACAATC-1,10
CTCATGGTAATTTGCG-1,8
CTCATTGCTCTAACAA-1,14
CTCATTTGATGGGCGG-1,13
CTCCCTCCTTTCGATC-1,8
CTCCGCCCACATGAGG-1,13
CTCCGGCCTAATATGC-1,13
CTCCGGCTTGTAGACA-1,2
CTCCTAAGTTATGTCT-1,5
CTCCTCCAGCTCACAC-1,0
CTCGAGGCAAGTTTCA-1,6
CTCGAGGTCGAACAGT-1,15
CTCGATATTTGCGAGC-1,3
CTCGCACCTATATAGT-1,12
CTCGCCGAATGTAGGG-1,0
CTCGGGTTCTCTGGCC-1,7
CTCGGTACCACTGCTC-1,0
CTCGGTCCGTAGCCTG-1,13
CTCGGTTGTCGGCCCT-1,2
CTCGTCGAGGGCTCAT-1,8
CTCGTTACGGCTACCA-1,6
CTCTACACTGGCGATT-1,2
CTCTATTTGGCTGCAG-1,0
CTCTCACAATCGATGA-1,11
CTCTCGATGTGCGCCT-1,6
CTCTCTAACTGCCTAG-1,8
CTCTGCAGGCATTCTT-1,7
CTCTGCGAAGCAAGCA-1,1
CTCTGGACGCCTGGTG-1,10
CTCTGTGCCTGCTATG-1,6
CTCTGTTTGAGGATTC-1,4
CTCTTCTATTGACTGG-1,3
CTCTTCTGGAAGTTAG-1,7
CTCTTGTCCCGCTTGG-1,7
CTGAAAGAGATCCGAC-1,5
CTGAATCCGAGACCTC-1,9
CTGACTGCGCAGCTCG-1,3
CTGAGCAAGTAACAAG-1,5
CTGATCCCTTTATGCA-1,8
CTGCACAACTACATAT-1,0
CTGCACCTGGAACCGC-1,13
CTGCACTCCAGTACAG-1,0
CTGCCAAGGTTGGAAG-1,4
CTGCCATGCATCACAT-1,9
CTGCCTAGCCACCAAG-1,6
CTGCCTTTAATACCTT-1,7
CTGCGGGTGAAATGTT-1,2
CTGCGGTAGTCACGTG-1,6
CTGCGTTACGATATAA-1,4
CTGCTGAGGCCACGAA-1,2
CTGCTTGGCGATAGCT-1,0
CTGGAAATGGATGCTT-1,1
CTGGAAGACACGGTGG-1,0
CTGGATTTACACTTGA-1,5
CTGGCATCCGAATGAG-1,2
CTGGCGACATAAGTCC-1,4
CTGGCGCACAGGTCTG-1,4
CTGGCGGGAATAAGTA-1,1
CTGGCTCCTGCGGGAT-1,1
CTGGCTGATTCATCCT-1,3
CTGGCTGCTAACGTAA-1,2
CTGGCTGGTTGTCAGT-1,5
CTGGGATAAATAATGG-1,4
CTGGGCCTGCTATATC-1,2
CTGGGTAGGCAGTTAA-1,4
CTGGTAACACATAGAA-1,4
CTGGTAACGAGCTCTT-1,3
CTGGTCCTAACTTGGC-1,12
CTGGTGAATGGGCCTA-1,8
CTGGTTCAACGCATCA-1,13
CTGGTTTCGAGCAAGA-1,0
CTGTACTTCTTAGCAT-1,9
CTGTAGCCATCTCACT-1,9
CTGTATGGTGTAGAAA-1,8
CTGTCAAATGGCTCGG-1,4
CTGTGCAGGGTAGGTC-1,15
CTGTGGTCGGGAGATA-1,14
CTGTTACCCAATCTAG-1,5
CTGTTCACTGCCTGTG-1,11
CTGTTCATCTCACGGG-1,11
CTGTTGTTCAGTCGTA-1,8
CTTAACTTCGAAGTAC-1,12
CTTACACGGTATTCCA-1,1
CTTACACTGGGAAATA-1,13
CTTAGCCTTCCACATG-1,4
CTTAGGTATAGACCAG-1,6
CTTAGTAGGCCTACAG-1,3
CTTAGTGTAGTAGCAT-1,0
CTTAGTTGAGGAATCG-1,7
CTTATGTTGACTACCA-1,1
CTTCAACTCCACTTGG-1,14
CTTCACGCCCTGGTAC-1,7
CTTCAGTGGTCGCCTA-1,8
CTTCATAGCTCAAGAA-1,11
CTTCATTGTCAGTGGA-1,9
CTTCCGCTCCGTGAAG-1,9
CTTCGTAGATAGGTGA-1,1
CTTCTATGTTGAAGTA-1,2
CTTCTATTAATGCTAG-1,9
CTTCTGGGCGTACCTA-1,7
CTTCTTACGTCGTATA-1,10
CTTGACCCGAAAGATA-1,12
CTTGAGGTTATCCCGA-1,1
CTTGAGTTAGGGTAAT-1,0
CTTGCAACCGCCTCCT-1,2
CTTGCCCAGGCTCTAC-1,9
CTTGGCCAAGCTGGGA-1,0
CTTGTACTTGTTGACT-1,11
CTTGTCAACATTCGAG-1,0
CTTGTGAGTCTTTGAC-1,1
CTTGTGCTCACCGATT-1,3
CTTGTTGCTGAGTCAA-1,4
CTTGTTTATGTAGCCA-1,13
CTTTAACTTTCAAAGG-1,10
CTTTAATATTGGTCGA-1,0
CTTTACCGAATAGTAG-1,0
CTTTAGGAACACTGTT-1,4
CTTTAGTGCTATTATT-1,5
CTTTCTGTGCGGGCTT-1,0
CTTTGGCGCTTTATAC-1,6
CTTTGGCTTTAGTAAA-1,1
CTTTGGGATTGTTGCA-1,0
GAAACAGATGACCACC-1,0
GAAACAGCCATGCAGT-1,10
GAAACATAGGAAACAG-1,8
GAAACCGAATTACCTT-1,9
GAAACCTATACAAATG-1,0
GAAACTCGTGCGATGC-1,12
GAAACTCTAATGAAGG-1,12
GAAAGAACAGCGTTAT-1,3
GAAAGCAGTGCACTTT-1,5
GAAAGCCCTTTGGACC-1,2
GAAAGTGACTAACTGC-1,8
GAAATACTAAACGTTT-1,1
GAAATATCACCATCAG-1,2
GAAATCGCGCGCAACT-1,5
GAAATGGCGGTGTTAG-1,1
GAAATGGGATGTAAAC-1,6
GAAATTAGCACGGATA-1,10
GAAATTCACATCGCTG-1,9
GAAATTGTCTCTATAA-1,9
GAACACACATCAACCA-1,11
GAACAGATTACTAAAT-1,0
GAACCATCTGGGAGAC-1,1
GAACCCTCTGTGTTCT-1,0
GAACCTTTAACGATCC-1,0
GAACGACCGAATGATA-1,11
GAACGTCTCATGGTCG-1,4
GAAGAAACGATATTGT-1,7
GAAGAACGGTGCAGGT-1,1
GAAGCCACTGATTATG-1,0
GAAGCCTGCACATTCC-1,0
GAAGCGTGAGGAATTT-1,9
GAAGCTCGGACCCGTC-1,2
GAAGCTTGCTGACCGC-1,10
GAAGGAGTCGAGTGCG-1,12
GAAGTCAGTTGCACTA-1,5
GAAGTCTCCCTAGCGA-1,4
GAAGTGATTTATCGTG-1,1
GAAGTGCTGGATAGCT-1,1
GAAGTTTCCACTCAAT-1,10
GAATAGACGCGACCCA-1,3
GAATAGTGCTCGATTA-1,2
GAATATTCGGAGTCCC-1,10
GAATCGACATGGTCAC-1,16
GAATCGCCGGACACGG-1,1
GAATCTGAACATTCTC-1,5
GAATGCCGAAATGACC-1,6
GAATGCGAATCGGTTC-1,0
GAATGTATGGCAGGTC-1,10
GAATGTGGTCCGGATT-1,0
GAATGTTGGGTAATCT-1,11
GAATTATAGTGAAAGG-1,11
GAATTCACCCGGGTGT-1,5
GAATTTCTCGCTGCAG-1,8
GACAAACATATGCAGG-1,3
GACAACGACCATTGAA-1,5
GACAACGCAGCTTACG-1,11
GACACAAGGGAAGAAA-1,11
GACACGAGTTAGAGGA-1,13
GACACTGAGTTCAGTG-1,9
GACAGCCAGACCTGAC-1,4
GACAGGCACACACTAT-1,2
GACATCCGTCGAACTG-1,0
GACATCGATTTATAAC-1,9
GACCAGAGCCCTGTAG-1,1
GACCCAATTATGATAC-1,8
GACCCGTCGCCGGCTA-1,12
GACCGACTGAAGCGTC-1,8
GACCGATTAAATATGT-1,8
GACCGTCAGGTCGTGA-1,12
GACCGTGCTGACGGTG-1,1
GACCTTCCACGTCTAC-1,6
GACGACGATCCGCGTT-1,0
GACGCCGTAAAGGCTA-1,5
GACGCCTGTTGCAGGG-1,1
GACGCTTGCTTCTAAA-1,13
GACGGACCGCGTTCCT-1,6
GACGGGTTGGCCCGTA-1,0
GACGGTCAATAGAAGC-1,3
GACGTGAGACTCCATG-1,1
GACTAAGATCATGCAC-1,11
GACTAAGTAGGCTCAC-1,1
GACTACAAAGCGGTGG-1,2
GACTACAATTGCTCGT-1,6
GACTCACCCACGTGAG-1,6
GACTCGCGGGAATGAC-1,3
GACTGCAAATCGAGCT-1,14
GACTGCACCAGCCCAG-1,0
GACTGCTGGTGAGAAA-1,6
GAGACTGATGGGTAGA-1,15
GAGACTTCGCGACCGA-1,5
GAGAGGGCGCGAGGTT-1,13
GAGAGGTGCATTCTGG-1,2
GAGATCTGCTTGGCAT-1,1
GAGATCTGTCACTCCG-1,11
GAGATCTTCCATGACA-1,0
GAGATGGGAGTCGACA-1,0
GAGCACCTGTGTCCAG-1,14
GAGCATCAACAACTTG-1,7
GAGCATCATCCCTGGG-1,1
GAGCCACGGTAGTAGG-1,13
GAGCCAGCTACCTGTG-1,14
GAGCGAGGGAGTACCG-1,5
GAGCGCGCACGAGTAG-1,3
GAGCGCTGTTAGGTAA-1,7
GAGCTAAGGGCATATC-1,4
GAGCTCTCGGACCTAA-1,1
GAGGAATGGAGAGGTT-1,8
GAGGCCCGACTCCGCA-1,2
GAGGCTATCAAAGTCG-1,2
GAGGGAGTCAGATCGC-1,0
GAGGGCATCGCGTATC-1,1
GAGGGCGCAGCTCTGC-1,3
GAGGGTAGTAACAAAG-1,7
GAGGTACATCCATCTT-1,10
GAGGTACGCGTGTCCC-1,6
GAGGTCCCAAAGATCT-1,13
GAGTACGGGTATACAA-1,13
GAGTAGATACTAGTTG-1,0
GAGTATACCCTAATCA-1,7
GAGTATGCCCGCCTTG-1,9
GAGTATGCGCGTGCAT-1,0
GAGTCAGACCAGAATC-1,9
GAGTCCGCTTACCGGA-1,5
GAGTGTCAACCAGAAA-1,6
GAGTGTGCGGTACCCA-1,0
GAGTTGATGGCAATTT-1,2
GATAAATCGGTGGATG-1,1
GATAACTCGCACTGTG-1,4
GATAAGGCAGATGCAA-1,1
GATACGATGGGAGTCA-1,9
GATAGGTAACGTTGAC-1,5
GATATCTCATGCAATA-1,10
GATATGAGACACTAAC-1,4
GATATGCGGTAGCCAA-1,4
GATATGGATTACGCGG-1,16
GATATTGAGATTGGCG-1,3
GATATTTCCTACATGG-1,4
GATCAACATAAAGGGA-1,7
GATCATTCCAAACATT-1,1
GATCCCTTTATACTGC-1,11
GATCCGGGAATTAACA-1,15
GATCCTAAATCGGGAC-1,3
GATCCTCGACACTGGC-1,2
GATCGACACTATCTGA-1,2
GATCGCGGGCTCTCCA-1,5
GATCGCTACCCGATTT-1,3
GATCGCTATATCTCAG-1,7
GATCGCTGTGGTGCGT-1,7
GATCGGTGGCCATAAC-1,10
GATCGTGACTGATATC-1,15
GATCTGCTATCTAAGG-1,0
GATCTTGGAGGGCATA-1,15
GATCTTTGCAGGGTAT-1,13
GATGACAAGTAGGGCA-1,7
GATGCCAGCAGAAGGC-1,6
GATGCGTCCTGCATTC-1,9
GATGCTACAAGCGCCT-1,15
GATGCTGTATTTCATC-1,0
GATGGCGCACACATTA-1,13
GATGGTGCCCTAGGCA-1,10
GATGTAACGAACCACC-1,2
GATGTCCGGATCACAT-1,1
GATGTCGGTCAACTGC-1,10
GATGTTCAATCCACGA-1,1
GATGTTTGTGCGAGAT-1,8
GATTAACCGAAAGCCC-1,0
GATTACTGAATTTGGG-1,13
GATTCCCTTGTCGCAG-1,15
GATTCCGCGTTTCCGT-1,4
GATTCCTATACGGCGC-1,8
GATTCGACGGTTCACG-1,12
GATTGACACTCTGCTC-1,13
GATTGCTCCAGTTGCA-1,7
GCAAACCCTACATTAT-1,0
GCAAACCTTGGCCATA-1,0
GCAAAGGGCGTTAGCC-1,8
GCAAATATTACGCTTT-1,13
GCAACACACTAGAACT-1,6
GCAACAGCAGTATGCG-1,6
GCAACCACCAGACCGG-1,12
GCAACCACGGCCGCGT-1,2
GCAAGAATTCCTTGGC-1,13
GCAAGTGCACAGAGAA-1,16
GCACAAACCCTAGATG-1,13
GCACAAGTGTCGGAAG-1,10
GCACACACTGGTAGCC-1,0
GCACGCCTACTTAGAT-1,7
GCACTAGTCGCGCTAT-1,5
GCACTGCCTACCTTTA-1,10
GCACTGTGCAAATGTA-1,1
GCAGACCCAGCACGTA-1,3
GCAGATCCATAAGACT-1,0
GCAGATTAGGGATATC-1,1
GCAGCACACAGCCCAG-1,13
GCAGCGGTGGGCATTA-1,1
GCAGGAACTTAGATCT-1,6
GCAGGACTATAGAATA-1,13
GCAGGTAGAGTATGGT-1,4
GCAGTGTGGCTATAGG-1,14
GCATAGAGCACTCAGG-1,9
GCATCCCTAACTTTGA-1,15
GCATGAGGGACGCGGC-1,3
GCATTGTAATTCATAT-1,8
GCCACAATTTAAGGAC-1,13
GCCACTCAGAGCGCGA-1,6
GCCAGGAAAGAACACT-1,6
GCCAGGAGTAACCGAT-1,4
GCCAGGCGTTCGCATG-1,6
GCCATATTGCACACAG-1,4
GCCATCGAGCTGCGTG-1,9
GCCCACCAAGGCTGTC-1,1
GCCCAGTTGGTATGCC-1,8
GCCCGACTTCTTCCCG-1,8
GCCCGATCTGTGGTCG-1,0
GCCCGCGCGTAAACGG-1,9
GCCCGCGCGTTTGACA-1,11
GCCCGTAATACCTTCT-1,5
GCCCTAGCCGTCGCGA-1,6
GCCGAAATTCCTACGT-1,1
GCCGACCCACGACTGC-1,7
GCCGATTGGCCAAGCT-1,9
GCCGCATTAGTCCGGC-1,12
GCCGCTTGTGAGAAAC-1,13
GCCGGAAACACATCTT-1,6
GCCGGGTTAGGGTCGC-1,9
GCCTAGCGATCTGACC-1,11
GCCTATAGTGTCAGGG-1,3
GCCTATTCCGATATAG-1,8
GCCTATTTGCTACACA-1,10
GCCTCATCTGGAAATA-1,3
GCCTCTATACATAGCA-1,0
GCCTTCAGCCCTACCG-1,13
GCCTTGTATATGCAGT-1,6
GCGAAACGATCGGGAG-1,12
GCGAAACTTAACTGGA-1,4
GCGAAGCCATACCCGT-1,10
GCGACCCAACCATCTG-1,7
GCGACGATAGTTGTAC-1,5
GCGAGAGTTGCGTCCA-1,6
GCGAGGCCCGAGCAGA-1,1
GCGAGTTCTGCAAAGA-1,5
GCGATTCTGGAAGCAG-1,4
GCGATTGTTAACGTTA-1,0
GCGCAAATATATTCAA-1,8
GCGCAAGAGCGCGCTG-1,3
GCGCATCCAGTCAGCA-1,3
GCGCCGTTCCACGATA-1,5
GCGCGATGGGTCAAGT-1,6
GCGCGGTCTAGTAACT-1,6
GCGCGTCATTGGTACA-1,14
GCGCTAATTGAATAGA-1,11
GCGCTATGCCGAGGCA-1,9
GCGCTGATCCAGACTC-1,4
GCGCTGCTTTGCATTT-1,3
GCGCTTAAATAATTGG-1,14
GCGGACCGCGTTGTGG-1,9
GCGGAGAAACTTCGCA-1,7
GCGGAGAGGGAGAACG-1,0
GCGGCAAAGTATTGCC-1,7
GCGGCTCTGACGTACC-1,13
GCGGGAACCAGGCCCT-1,13
GCGGGCGAGCCTTACC-1,9
GCGGTAACCCAAATGA-1,2
GCGGTCCCTAGACGCA-1,1
GCGGTGAACTGCGCTC-1,3
GCGGTTCCCTATCATG-1,9
GCGTAAATGGCCATAA-1,3
GCGTCCCTAAGACATA-1,0
GCGTCGAAATGTCGGT-1,5
GCGTCGCCAGGGTGAT-1,0
GCGTCTCTGCATTGGG-1,13
GCGTGGTACTGGGTTA-1,3
GCTAAACCTGAGGTGA-1,8
GCTAACTGAAGTCTGA-1,14
GCTAAGTAGTTTCTCT-1,4
GCTAATACCGAATGCC-1,11
GCTACGACTTATTGGG-1,0
GCTACTATAGTAGAGT-1,3
GCTAGACCGTCTACTG-1,3
GCTAGAGTAGAGATGT-1,12
GCTAGCGATAGGTCTT-1,7
GCTAGCTTGAATAGCT-1,9
GCTAGGCACCACGGAG-1,14
GCTAGTAGAGCTTGTA-1,5
GCTAGTTTCATTGAGG-1,2
GCTATACGTCTCGGAC-1,0
GCTATCATACTCATGG-1,0
GCTATCGCGGCGCAAC-1,1
GCTCAATCCGTTTATT-1,2
GCTCAATGTAATACCG-1,0
GCTCATTACTGCATGT-1,12
GCTCCTGACATACTGG-1,7
GCTCGCTCATGTCCAA-1,3
GCTCGGAATTTAAAGC-1,4
GCTCTAAACCCTGACG-1,11
GCTCTATGTTACGTGC-1,16
GCTCTCGGGTACCGAA-1,11
GCTCTTTCCGCTAGTG-1,0
GCTGAATCTTCCAATC-1,8
GCTGAGGCGTGAGTAT-1,5
GCTGCACGGTTTCTTA-1,15
GCTGCTAAGTAGTCGA-1,5
GCTGCTACTGCGTAGC-1,0
GCTGCTCTCCGGACAC-1,15
GCTGGCATATTCACCT-1,1
GCTGGCGGCGCATGCT-1,0
GCTGGTTTAGGCCATA-1,6
GCTGTATTACTGGCCC-1,9
GCTGTTGCTACCGAAC-1,3
GCTTAATGTAACTAAC-1,0
GCTTATGAAGCAGGAA-1,4
GCTTCCGTCCCTAGAC-1,5
GCTTCGACGTTCAATC-1,8
GCTTGATGATAATCAG-1,11
GCTTGGATCGATTAGG-1,3
GCTTTCAGAGGAGGTG-1,3
GGAAAGTGCCCATGCC-1,4
GGAACCGTGTAAATTG-1,9
GGAACCTTGACTCTGC-1,8
GGAAGCTCGCTTACAG-1,10
GGAATAACCTCAAGAA-1,10
GGAATGCGCTAGCGTG-1,5
GGACCAACAGGATAAC-1,0
GGACCTCTAGGCCGCC-1,7
GGACTCGTGAGTGGTC-1,7
GGAGAAGTCATTGGCA-1,16
GGAGACGACACCTTTG-1,0
GGAGCACCAAGAACTA-1,4
GGAGCGAGGCCTACTT-1,6
GGAGGATTGAAAGGAG-1,12
GGAGGGCTTGGTTGGC-1,4
GGAGTGCCGCCCTGGA-1,13
GGATACTCATGAATTG-1,1
GGATCAAAGGACGAGG-1,12
GGATCCGGAATATACT-1,4
GGATCTTACTGCCCTT-1,7
GGATCTTGACTCAACC-1,2
GGATGAAGATCGCTGA-1,3
GGATGACGCGAGTTTA-1,13
GGATGCTGGCGTTCCT-1,2
GGATGTCCTTACCGCA-1,4
GGATTCAGTACGGTGG-1,8
GGATTCCGCTATACCC-1,4
GGATTGCTGTGACTCC-1,0
GGATTTCACTTCTATA-1,4
GGCAAAGGCGCCAATA-1,7
GGCAAATTACTTTACT-1,9
GGCAAGCCCATAGTGG-1,13
GGCAAGGCGAAATAGC-1,0
GGCAATAGTCAATGAG-1,15
GGCACTCCACTGGGCA-1,1
GGCAGCAAACCTATGC-1,6
GGCATACAGGTAGCGG-1,1
GGCATATCGGTTCTGC-1,12
GGCATCAACGAGCACG-1,1
GGCCACAAGCGATGGC-1,1
GGCCCTCACCCACTTA-1,2
GGCCGAGACTCTGGTG-1,7
GGCCGGCGTCTGCTAT-1,6
GGCCGTTTGGGTTTCA-1,9
GGCGAAATCTAACTTG-1,4
GGCGCAGGACATCTTC-1,2
GGCGCATGAATTGATG-1,9
GGCGCGGAGATCTTTC-1,14
GGCGCGTTCGAGTTTA-1,5
GGCGCTCCTCATCAAT-1,2
GGCGGAGTAATATTAG-1,1
GGCGGTAGGATCATTG-1,15
GGCGTCCTATCCGCTG-1,13
GGCTAAAGGGCGGGTC-1,6
GGCTACTATACACTCC-1,7
GGCTATTAAGTTGTAT-1,1
GGCTCCTCCACCTGTT-1,2
GGCTCGCGTTGAGGTA-1,3
GGCTCGTGCCACCAGC-1,11
GGCTCTGCTCCAACGC-1,11
GGCTGAAATAGCAAAG-1,0
GGCTGGCTAGCTTAAA-1,1
GGCTTTCAATAAGGGT-1,0
GGGAACGGGAGGTTAG-1,13
GGGAACGGTTTCAGAT-1,7
GGGAAGACGGTCTGTC-1,4
GGGACAGAGTTACTCC-1,8
GGGACCCGTATATCTT-1,9
GGGACTGCATAGATAG-1,1
GGGAGAACTCACAGTA-1,10
GGGAGGATGCCCGAAA-1,1
GGGAGTAATGGCTGGC-1,1
GGGAGTTAATGAGGCG-1,5
GGGATGGTCGTAACCG-1,9
GGGATTTACCGCACCT-1,0
GGGCAACCGCACGTGC-1,1
GGGCAGAGCAATCGTT-1,0
GGGCCCGTCTTAAACA-1,9
GGGCCCTACGAAAGGG-1,6
GGGCCGGCCGAAGTAC-1,4
GGGCGATATGTGTGAA-1,12
GGGCGGCAAATGAATT-1,9
GGGCGGGTTCCCTACG-1,13
GGGCGGTCCTATTGTC-1,1
GGGCGTACATTTATAT-1,11
GGGCGTCACCACGTAA-1,9
GGGCGTCCACTGGCTC-1,4
GGGCGTGGTTTCCCAG-1,14
GGGCGTTTACATTCAT-1,7
GGGCTATGATCGATGG-1,5
GGGCTCATCGAACCCA-1,4
GGGCTGCCTAGGGCGA-1,11
GGGCTGGTTAGTCGCG-1,1
GGGTACCCACGGTCCT-1,1
GGGTACTTCATGAACT-1,13
GGGTATGTATGCACTT-1,7
GGGTATTCTAGCAAAC-1,6
GGGTCACCGTGACGGT-1,1
GGGTCAGGAGCTAGAT-1,0
GGGTCCTTGGAAGAAG-1,6
GGGTGACACCTTAACT-1,5
GGGTGGTCCAGCCTGT-1,10
GGGTGTTTCAGCTATG-1,4
GGGTTAACATTTGAGT-1,9
GGGTTCAGACGAACAA-1,2
GGTAAATGTGCGTTAC-1,4
GGTAACCGGGAGGATA-1,8
GGTAACTATGTATCTG-1,1
GGTACAAACATGCTAT-1,5
GGTACATCTGGGACGA-1,2
GGTACCATTAAGACGG-1,6
GGTAGAAGACCGCCTG-1,0
GGTAGACCGTTGGGCG-1,5
GGTAGTGCTCGCACCA-1,11
GGTATTGCCGAGTTTA-1,1
GGTCACGTTAGATTCA-1,1
GGTCAGTGGGTCCCAC-1,5
GGTCGGATAAACGGCG-1,3
GGTCGGCCAGGAGCTT-1,4
GGTCGGTAATTAGACA-1,1
GGTCGGTCGTCCACAG-1,5
GGTCGTAAGCTCGCAC-1,2
GGTCTCTGAATGGACT-1,2
GGTCTGAGAATCTGGA-1,5
GGTCTTGAGCGCTCTT-1,3
GGTGAAACCGGGAATG-1,1
GGTGAACGGGCTAGCC-1,1
GGTGAAGTACAGGGAT-1,2
GGTGAGATGCAGATAA-1,2
GGTGATAAGGAGCAGT-1,4
GGTGATTTCATCTTGT-1,1
GGTGCGGATAAGTGGC-1,8
GGTGCTGATCACAAAG-1,2
GGTGCTGGTACACATT-1,7
GGTGGACTGCTCTGGC-1,14
GGTTACCACCCTCGGG-1,2
GGTTAGCTATATGTCT-1,0
GGTTAGGCTTGGAGAA-1,10
GGTTAGTTACGGCGCC-1,8
GGTTCTACTCGTCTGA-1,6
GGTTTAATTACCATCG-1,7
GGTTTACAATCTCAAT-1,5
GGTTTAGCCTTTCTTG-1,3
GGTTTCAATCGGTCAG-1,4
GGTTTGAGTGCTGGAA-1,5
GTAACTTGCGGCAGTC-1,1
GTAAGCGGGCAGTCAG-1,12
GTAAGGATTTGTCGGA-1,12
GTAAGTAACAGTCTGG-1,0
GTAAGTAGGGTATACC-1,8
GTAATAAAGGGCTCCC-1,3
GTAATCTGATTCTTCG-1,9
GTACACTTACCTGAAG-1,5
GTACAGAGGCAAGGGT-1,4
GTACGACGGCGCTGCG-1,1
GTACGAGATTGCGACA-1,11
GTACGCTTCATTGCAC-1,0
GTACGTTTGCCCGTCA-1,0
GTACTAAGATTTGGAG-1,10
GTACTCCCTTATCGCT-1,2
GTACTCCTGGGTATGC-1,6
GTACTGAGGTCGTAAC-1,1
GTACTGCATGAAGCGT-1,1
GTACTGGAGTTAGACC-1,4
GTACTTGGGCACTTCT-1,8
GTAGACAACCGATGAA-1,10
GTAGACACGCCTGACT-1,0
GTAGACGTCGTTACAT-1,1
GTAGAGGGAGACAAGT-1,2
GTAGCCAAACATGGGA-1,0
GTAGCGCTGTTGTAGT-1,1
GTAGCGGCTATACACT-1,5
GTAGCTCCGGGAGGCT-1,7
GTAGCTTCCTCTTGTT-1,4
GTAGGTGATCCGTGTA-1,4
GTAGTCGCGGGAATCA-1,0
GTAGTCTACGATATTG-1,0
GTAGTTCGAAGGCGAA-1,7
GTATAGGACTCAGTAG-1,15
GTATATGTTACGGCGG-1,2
GTATCAAACGTTAGCT-1,3
GTATCAGCTTGGGTTC-1,8
GTATCTCAGTCTTGAC-1,8
GTATCTTTCATAACCA-1,0
GTATGAAATTTCACTC-1,8
GTATGACGTGGGAAAC-1,1
GTATGTGGGTCTAGTT-1,4
GTATTAAGGCGTCTAA-1,13
GTATTCTGAGAAACGA-1,1
GTATTCTTACCGTGCT-1,2
GTCAAAGAAGTGGTGT-1,1
GTCAAAGTTTACATAG-1,1
GTCAAGCGGACTCGGG-1,0
GTCAATTGTACTGAAG-1,1
GTCACAAAGTTTCCAA-1,10
GTCACTCTCCAAATCT-1,11
GTCAGAATAGTCTATG-1,8
GTCAGTTGTGCTCGTT-1,10
GTCATGCACCTCCGTT-1,11
GTCATGGACATGACTA-1,11
GTCATTAGAGCGAACG-1,5
GTCCAATATTTAGCCT-1,0
GTCCATTACTGCTACG-1,6
GTCCCAACGTAAAGTA-1,11
GTCCCGCGACGTTATG-1,14
GTCCGGACCTGAAATT-1,14
GTCCGGCTGAATTGCG-1,10
GTCCTACAGGCGGCTC-1,6
GTCCTACGAATAGTCT-1,14
GTCCTTCTAGTGGGTT-1,10
GTCGAATTTGGGCGCT-1,7
GTCGCCGTTGTGTGTT-1,9
GTCGCGTAACCCGTTG-1,15
GTCGGATATCTCAGAC-1,1
GTCGGATGTAGCGCGC-1,12
GTCGGGAAGCAGAAAC-1,0
GTCGTACCATCTCGGG-1,5
GTCGTATTGGCGTACA-1,12
GTCGTCAATTATAAGG-1,1
GTCGTTATTCGCTTAT-1,0
GTCTATCTGAGTTTCT-1,1
GTCTATTGGTTCCGGT-1,0
GTCTCAAGGCCCGGCT-1,0
GTCTCGATCTGCTTTC-1,4
GTCTGGGCGGTCGAGA-1,9
GTCTTAGTACAGCCGG-1,10
GTGAAACGGCGCCACC-1,4
GTGAAACGTGCTCCAC-1,1
GTGAACTCCCATTCGA-1,3
GTGACAGCTTCCCACT-1,0
GTGACCGCACACTACG-1,4
GTGACGCAGGTTTCAT-1,6
GTGACTTCAGTAGTGC-1,9
GTGAGCGTGCTGCACT-1,8
GTGAGGACACTTAAGG-1,4
GTGAGGAGCGGTTGAG-1,10
GTGAGTGGTACAACGC-1,5
GTGATCAAGCGTGCAC-1,7
GTGATCACTAACGCCT-1,3
GTGATCATAGATCTGC-1,5
GTGATCCTTGTCATGA-1,0
GTGATTCGCCGCTCAA-1,9
GTGCAACAAATGTGGC-1,10
GTGCACCAGCTTCAAC-1,7
GTGCACGAAAGTGACT-1,4
GTGCCATCACACGGTG-1,2
GTGCCCGTTCGGATTC-1,4
GTGCCGCTTCAAAGGT-1,9
GTGCCTCAGTGTACGG-1,12
GTGCGAAATCGAACAC-1,9
GTGCGACAGGGAGTGT-1,3
GTGCGCAGCTTGCTCC-1,6
GTGCGGGACCATCGGC-1,1
GTGCGGGTCTCCAAAT-1,12
GTGCGTGTATATGAGC-1,0
GTGCTCAAGTACTGTC-1,1
GTGGAACCTACATGCG-1,12
GTGGACCAACCCGATT-1,2
GTGGACGCATTTGTCC-1,0
GTGGACGTGCTGAGAC-1,13
GTGGAGCGTTTACCGA-1,6
GTGGAGTCGGCGGTTG-1,7
GTGGCAAACAGCGGCA-1,2
GTGGCGGTCCCAGCGT-1,2
GTGGGAAGACTGAATC-1,6
GTGGGCTTAGACACAC-1,1
GTGGTATAGTCTGCCG-1,7
GTGGTGGCCAAGTGAA-1,0
GTGGTTACTTCTTTCG-1,6
GTGGTTTCCGCCTTTC-1,2
GTGTACCTTGGCTACG-1,5
GTGTATATCAGCGGGC-1,14
GTGTATGACTTTAAAG-1,1
GTGTCGTATAGCGTTC-1,0
GTGTGAATAACTTAGG-1,4
GTGTTACTATGCGTCC-1,0
GTTAAAGTAGGACTGG-1,0
GTTAACATCACTTAAA-1,0
GTTAAGGGTGCGATGT-1,0
GTTACAATTGGTGACG-1,1
GTTACCTACAACTTGC-1,0
GTTACGGCCCGACTGC-1,6
GTTACTTTGGGCCTAG-1,9
GTTAGAGTGTGCCGCT-1,12
GTTATATTATCTCCCT-1,5
GTTATCACCTTCTGAA-1,10
GTTATTAACGTGGGAG-1,2
GTTCACAGGAGTCTAG-1,2
GTTCATCGTTTGGCTG-1,3
GTTCCAGTCTGACCAT-1,13
GTTCGACAATTGTATA-1,7
GTTCGCCATAAGTGCC-1,9
GTTCGTCTAAAGAACT-1,0
GTTCTTCCCTCGATGT-1,1
GTTGAACCGGTTCCAT-1,1
GTTGAGTCCCGCCGGT-1,0
GTTGCACGGAGTTTCG-1,16
GTTGGATTCAGTGGCT-1,6
GTTGGATTGAGAACAC-1,4
GTTGGATTTGCGTTGG-1,1
GTTGGTCATGCTATCC-1,0
GTTGTCGTGTTAGTTG-1,13
GTTTACGTTCCATCTG-1,5
GTTTCATATCGTCGCT-1,2
GTTTCCTGGAGGGTGA-1,16
GTTTCTGCAGTCTCCC-1,15
GTTTGACCAAATCCTA-1,10
GTTTGGCCCAAGTTAT-1,4
GTTTGGCCGCTCAGCG-1,5
GTTTGGGCTTGTGAGC-1,0
GTTTGGTAGGGTCAAC-1,9
GTTTGGTGATCGGTGC-1,7
TAAACCCAGGAGGGCA-1,2
TAAAGAGCCCGAAACC-1,10
TAAAGCGGTATTTCCA-1,0
TAAAGCGTTAGGAGAA-1,3
TAAAGCTGCAATAGGG-1,6
TAAATGAATCCGTTTC-1,8
TAACAAAGGGAGAAGC-1,11
TAACAGCGTTTGTGCT-1,7
TAACATACAATGTGGG-1,5
TAACATACACGCGATC-1,2
TAACCGCCCGCAGTGC-1,10
TAACCTACCGTCCGAG-1,3
TAACGCTTTGAGAGCG-1,8
TAACTATCGAAGGTCC-1,8
TAACTCATCCGCGCGG-1,9
TAACTCCATGGAGGCT-1,13
TAAGAGGGACAGGGAC-1,8
TAAGATTTAGCGGGAG-1,6
TAAGCAGGCGACACGC-1,2
TAAGCGCGAATCAAAT-1,7
TAAGGAACTTGTGGGA-1,15
TAAGGCAACATAAGAT-1,12
TAAGGCATAACATCAA-1,5
TAAGGCCCGTCACCCT-1,0
TAAGGCTGAATCCCTC-1,3
TAAGGGCCTGTCCGAT-1,10
TAAGGGCTGGGAGAGG-1,2
TAAGTAACATCTTGAC-1,9
TAAGTCGCCGAGTATC-1,2
TAAGTTGCGACGTAGG-1,3
TAATAAACAAGGAGAT-1,4
TAATACACAGTAGTAT-1,11
TAATAGAACAGAGTTA-1,9
TAATAGGTCACCAGAA-1,1
TAATAGTGACGACCAG-1,4
TAATATTGAAATTCGC-1,15
TAATCGATCCGTACGT-1,3
TAATGAAAGACCCTTG-1,6
TAATTAGATGGATATG-1,1
TACAACGCACAACTCA-1,9
TACAAGTCTCGTGCAT-1,2
TACAGAAACGGTGGGC-1,14
TACATAGGCATACACC-1,9
TACATTTCTAACGTGC-1,5
TACCAAATAGCCCAGA-1,0
TACCAATAAAGTACCA-1,14
TACCAGAAGTAGGTTC-1,9
TACCAGCTAGGTTTAA-1,10
TACCAGGAATCCCGTC-1,7
TACCGCGGACTTGCAG-1,3
TACCGGCTCACTGCCC-1,0
TACCGGTCGTTTCCAT-1,13
TACCGTAGGTTAACTA-1,0
TACCGTGCCTCGGACC-1,0
TACCTACTCCCAGTAT-1,0
TACCTCACGCTTGTAC-1,1
TACCTCAGTTGTCTGT-1,7
TACCTCCACACCAATG-1,7
TACCTGCTGCACTGTG-1,8
TACCTTAAGATTTCCC-1,2
TACGAACACGACTTCA-1,1
TACGACGCTTGCTGCG-1,9
TACGACTGCCTCTTAG-1,0
TACGAGAACTTCACGT-1,13
TACGATGTTGATCATC-1,13
TACGCAGTTCTTTCCT-1,9
TACGCCATATTCTAAT-1,9
TACGCCGAGGGTACCC-1,7
TACGCCTCCATTCCGA-1,0
TACGCTATAGAAACCT-1,3
TACGCTGATAGTTGTA-1,6
TACGCTGCTGTGTTAA-1,7
TACGGGATGCTAGCAG-1,4
TACGTACTAGTGCTGA-1,7
TACGTGCACTATGCTG-1,8
TACGTTTACCGGCAAT-1,8
TACTATGGTTCCTCAG-1,9
TACTCCTCTAGTTGAC-1,7
TACTCGGCACGCCGGG-1,6
TACTCTCCGAACAAAT-1,4
TACTCTTTCGTCTTCA-1,9
TACTGAACAGATTTAG-1,9
TACTGCAATCAATTAC-1,6
TACTGGACAGCTCGGC-1,2
TACTTGTTAGTAGTCC-1,4
TACTTTACTGAGCCGG-1,3
TACTTTCCGCACGCCA-1,2
TAGAAAGGTGGCGCTA-1,5
TAGAATTAAGGGCAAC-1,10
TAGACGAAACGCCAAT-1,0
TAGACGCCCGTACCGG-1,4
TAGACTACCTAGCGTT-1,3
TAGAGATCATGCAACT-1,2
TAGAGCTACGAAGAAC-1,1
TAGAGGTTCTACTTGT-1,15
TAGAGTCTAAGCGAAC-1,1
TAGATATGGACTGGAA-1,5
TAGATCCGAAGTCGCA-1,10
TAGATTCAAAGTGCGG-1,6
TAGATTCCTGGTTATT-1,2
TAGCAACCTGTCACAA-1,8
TAGCCATTTCAAAGTC-1,4
TAGCCGGCGGTCAGCG-1,4
TAGCGTCCGGTGTGGT-1,0
TAGCGTTGGGTCTTAC-1,5
TAGCTAAGTCCGGGAG-1,15
TAGCTAGAAGGCATGA-1,5
TAGCTAGTGATGATGG-1,5
TAGCTCGCCTGATAAC-1,5
TAGGCATGTTACGCCA-1,4
TAGGGAGCTTGGGATG-1,3
TAGGGTGTTTCAAGAG-1,11
TAGGTCCAAGTAAGGA-1,8
TAGGTCGCCGGAACTG-1,3
TAGGTGACGATAACCT-1,14
TAGGTGAGCCCTACTC-1,10
TAGGTGCTCGCCTAGC-1,4
TAGGTGTTCCACAGAT-1,0
TAGGTTCGAGTTCGTC-1,5
TAGTACCTTAGTGGTC-1,2
TAGTAGCTTATACCAG-1,7
TAGTCCGCAGAGAATG-1,9
TAGTCCTGCACTAAGC-1,7
TAGTCGATCACGGGTT-1,3
TAGTCTAACAACGAGA-1,13
TAGTGAGAAGTGGTTG-1,6
TAGTGCCCTCCAGAGT-1,1
TAGTGTCAGAAACGGC-1,2
TAGTTAAGATAGGATA-1,10
TAGTTTATTCTTGCTT-1,1
TATAAATCCACAAGCT-1,11
TATAAGTGAGGATAGC-1,11
TATACACAGACGCCTT-1,5
TATACACGCAAAGTAT-1,13
TATACGCGTCATCACT-1,0
TATACTCATGCGGCAA-1,6
TATAGAGTCGCTTGAA-1,8
TATAGATGGTCGCAGT-1,3
TATAGGGTACTCATGA-1,2
TATAGTTAGGTGTACT-1,7
TATATAGGGCTTTACG-1,7
TATATATCGAGAAATG-1,7
TATATCCCTGGGAGGA-1,3
TATATTCGCGTCGATA-1,12
TATCACAGCACGGGCA-1,6
TATCACCCAACCGACC-1,3
TATCCAATTGGTTATC-1,0
TATCCATATCATGCGA-1,15
TATCCATCTCGGTTAG-1,8
TATCCGCACCGTCGGG-1,0
TATCCTGCATGGGAAT-1,5
TATCGATCTATGCATA-1,4
TATCGATGATTAAACG-1,11
TATCTACAGAGGTAAT-1,2
TATCTACCACAGCGGG-1,9
TATCTTGCAATACAAC-1,6
TATGAAGACAGGTGCG-1,16
TATGATCTTCTCTTTA-1,0
TATGATTCTGCTTGGT-1,2
TATGCTCCCTACTTAC-1,11
TATGGAGTTTCTCGTT-1,1
TATGGATGTGCTACGC-1,10
TATGGCCCGGCCTCGC-1,2
TATGGGACCGAGCAGG-1,9
TATGGGTACGTATCGT-1,1
TATGGTCTGAGTAACA-1,9
TATGGTTAGTGGGAGA-1,6
TATGTCAAGACCGACT-1,10
TATGTCTCATTGTGCC-1,4
TATTAACCTGACCGCG-1,9
TATTACCATCCTGCTT-1,3
TATTATGTTTGCCTGC-1,8
TATTCAATTCTAATCC-1,5
TATTCCACTCAGCTCG-1,5
TATTCCGAGCTGTTAT-1,14
TATTCCGGCAGTCCTA-1,1
TATTCCTCCGCCCACT-1,2
TATTCGTGCCAGAATA-1,10
TATTTAGTCTAGATCG-1,11
TATTTATACCGAGTAG-1,4
TATTTGTTACCCTTTA-1,16
TCAAACAACCGCGTCG-1,11
TCAAACTTAGATTGTT-1,15
TCAAAGTCACGGCGTC-1,7
TCAAATTTGAGACTCA-1,0
TCAACAAAGATAATTC-1,2
TCAACACATTGGGTAA-1,1
TCAACATAGCGCCCTA-1,9
TCAACATCGACCGAGA-1,6
TCAACCATGTTCGGGC-1,16
TCAACGAGGAGACAAA-1,5
TCAACGCAGGAAATAA-1,2
TCAACGCGACCGGCAG-1,2
TCAACTAACGTATAAC-1,16
TCAAGGTTACTACACC-1,3
TCAATACGCCGTCATG-1,0
TCACAGCAAACTCGAA-1,9
TCACAGGAGAATAAGA-1,9
TCACAGGGAATCGCAA-1,0
TCACAGGTTATTGGGC-1,1
TCACATCTTATCTGAT-1,16
TCACCCTCTTAAGATT-1,5
TCACCGCTCGGCACTC-1,3
TCACGATGTCCGTGGA-1,2
TCACGCATTGTAGATC-1,1
TCACGGCCCAAGAGAG-1,8
TCACGGTCATCGCACA-1,8
TCACGTGCCCGATTCA-1,5
TCACTCGTGCAACGGC-1,10
TCAGACGCTATAGAAG-1,0
TCAGCAAATGCATCTC-1,11
TCAGCAGTAGGCCCTG-1,7
TCAGGGTGTAACGTAA-1,12
TCAGGTTCTTTGAGAA-1,1
TCAGTACTGACCCGCG-1,16
TCAGTAGGGACTATAA-1,9
TCAGTGTATACGTCAT-1,7
TCATACTTACAGATCC-1,8
TCATATGAGCTTTGTT-1,0
TCATCACTCGAGCTCG-1,13
TCATCCCAGAGGGTGG-1,10
TCATCGATGGTCCCAA-1,8
TCATGCAGGTTCTCAT-1,4
TCATTTAAGTCTCCGA-1,3
TCCAACTTTAAATTCT-1,13
TCCAATAAAGGCTACC-1,0
TCCACAATGGTTTACG-1,10
TCCACCTCTAGCCTTT-1,0
TCCACTTTATCTAGGT-1,4
TCCAGAGCACCGGTTC-1,15
TCCAGGCGAGTACGGT-1,1
TCCAGGGTATATACGA-1,0
TCCATCAATACTAATC-1,6
TCCATTAGTTGGATAG-1,1
TCCATTGTGACCTCGT-1,10
TCCCAAAGACGAAGGA-1,11
TCCCAGCTTTAGTCTG-1,1
TCCCAGGCTTAGCTAA-1,1
TCCCGCGTACTCCTGG-1,15
TCCCGGGTGTGCTGCT-1,1
TCCCGGTCAGGAATTT-1,1
TCCCGTCAGTCCCGCA-1,5
TCCCGTGTGCAATTTG-1,4
TCCCTGGCGTATTAAC-1,8
TCCCTGGCTCGCTGGA-1,8
TCCCTTAGATTACTCG-1,4
TCCGAACTTGGCTTAC-1,2
TCCGACCGCTAATCAA-1,6
TCCGAGAAGGCTAAGC-1,1
TCCGATAATTGCCATA-1,5
TCCGATGACTGAGCTC-1,4
TCCGATGGTGCGACAT-1,8
TCCGATTACATTGCCG-1,1
TCCGCCTGTCTACAAG-1,14
TCCGCGGCAGCATCTG-1,4
TCCGCGGCCCAATGAA-1,10
TCCGCTGTCATCCCGG-1,0
TCCGCTTATCCCATTA-1,5
TCCGGCCTAGCGTACA-1,3
TCCGGTTCGTCCGGTC-1,5
TCCGTTAAGCTAATAT-1,3
TCCGTTTAGCCTTGAA-1,3
TCCTAAATTGGGAAGC-1,0
TCCTAACCGTCGGGCA-1,7
TCCTACATCCACGGCC-1,0
TCCTAGCAAAGAAGCT-1,9
TCCTCCTAAGACATTC-1,2
TCCTCGGGCTGGGCTT-1,4
TCCTCTACGAGATGGC-1,8
TCCTCTCCAGTTGTCC-1,16
TCCTCTGGCCCATTAG-1,6
TCCTGCCAACTGGAGA-1,10
TCCTGCGTTGATACTC-1,2
TCCTTACGACGGTCCG-1,3
TCCTTCAGTGGTCGAA-1,10
TCCTTTAAATCCGCTT-1,0
TCCTTTCTTACGCTTA-1,10
TCGAAATTTAGGACCA-1,1
TCGAAGAACCGAGCAC-1,3
TCGAATATCCCGCAGG-1,7
TCGACAACTGAACCCG-1,6
TCGACATAGCGTAGCG-1,6
TCGAGACCAACACCGT-1,5
TCGAGCCAGGCAGGCC-1,7
TCGATAGGCTAGTCGC-1,12
TCGCAAAGATGCATTT-1,0
TCGCACCAGGAGGCAG-1,0
TCGCATCCCTAAGTGT-1,1
TCGCATTCAATGACTT-1,13
TCGCCGAAGTTGCGTC-1,13
TCGCCGGTCGATCCGT-1,11
TCGCGTCCAGAAGGTC-1,2
TCGCTAAACCGCTATC-1,4
TCGCTACTGGCTTTGA-1,0
TCGCTCGATATATTCC-1,11
TCGCTGGGCGGATTGT-1,12
TCGCTGTGCGTAAATC-1,13
TCGCTTTAAACGTTTG-1,4
TCGGAATGACCATCAA-1,6
TCGGAATGCGCTCTGA-1,2
TCGGACGCCCAGCCCA-1,4
TCGGAGAGTATCGGGA-1,2
TCGGAGTACATGAGTA-1,11
TCGGCGAACCCAAACC-1,6
TCGGGAGACAGCGTAC-1,14
TCGGGCCGTCGTGGTA-1,4
TCGGGTGAAACTGCTA-1,12
TCGGTCCCGACAATAG-1,2
TCGGTCCCTGACTCCA-1,12
TCGTAAGACGACATTG-1,5
TCGTATAGTGCAATTA-1,1
TCGTATTACCCATTGC-1,2
TCGTCAAGTACGCGCA-1,7
TCGTCACACTGTTAGC-1,2
TCGTCCGCTGGCGTCT-1,8
TCGTCTTAGGCGTTAA-1,14
TCGTTAGGAGTCCCTA-1,5
TCGTTCGTTATTATGT-1,10
TCGTTGCTATCCGGTC-1,9
TCGTTGGCTCGTCAAT-1,1
TCTAATACTGCCTCAG-1,2
TCTACCGTCCACAAGC-1,3
TCTAGCAATCTCCGCC-1,2
TCTAGCATCTTCGATG-1,16
TCTAGCATGCCCAGAA-1,0
TCTAGGTGGCGACGCT-1,3
TCTAGTGATATCGTGG-1,3
TCTAGTTATCAGAAGA-1,1
TCTATCATGCAGTTAC-1,11
TCTATCGGTCGCAACA-1,15
TCTATTACGCTGGCGA-1,1
TCTCATGAGATAGGGT-1,0
TCTCCAACGTAGGTTA-1,4
TCTCCCTGGGCAGCGT-1,14
TCTCGAACGAGGTCAC-1,6
TCTCGGCTCCAGGACT-1,2
TCTCTAATAGCTGGTA-1,11
TCTCTTACCGCGAACC-1,7
TCTGAACCGGTCGGCT-1,11
TCTGAACTCGTACCCG-1,3
TCTGAAGCACGTGGTC-1,14
TCTGAATTCCGTACAA-1,3
TCTGATGTATTCTGTC-1,0
TCTGCCAGAAACTGCA-1,4
TCTGCGTCCGGTTTCT-1,1
TCTGGGAACCTTTGAA-1,3
TCTGGGTAGCGCTCAT-1,13
TCTGTCATACAAGAGC-1,1
TCTGTGACTGACCGTT-1,6
TCTGTGCCATCATAGT-1,4
TCTGTGGCTACATTTC-1,6
TCTGTTACCCAGCATA-1,2
TCTTACAGAGGTACCG-1,13
TCTTACCGGAACTCGT-1,4
TCTTACGGCATCCGAC-1,8
TCTTACTTATGCCTCT-1,3
TCTTAGAGTGAACTCT-1,3
TCTTCCCATGGGCACA-1,3
TCTTCGAATAGACGTT-1,15
TCTTCGATACCAATAA-1,10
TCTTCTATAACCCGCC-1,6
TCTTGATGCGTAGCGA-1,11
TCTTGCTCCCGATACT-1,0
TCTTGGTAACACCAAA-1,11
TCTTTAAGACTATGAA-1,3
TCTTTCTCTTAAGGAG-1,6
TGAAACTTATGCAAGC-1,10
TGAAAGGACCTGACTC-1,4
TGAACAAGCAGGGACT-1,7
TGAATGAGTGTTTCCC-1,6
TGACATCGAGCGGACC-1,3
TGACCAAATCTTAAAC-1,0
TGACCCACGTTAGACA-1,1
TGACGAATATTTCCCT-1,2
TGACGATGCACTAGAA-1,3
TGACTATAATCCTTTC-1,0
TGACTCCGAATCATAC-1,6
TGAGAATGCTTTACCG-1,15
TGAGAGATTTACCACG-1,0
TGAGATCAAATACTCA-1,12
TGAGATTAGGCCCTAA-1,12
TGAGCAGTCGTGAAGT-1,1
TGAGCCATACAGTCTC-1,13
TGAGCGGAAAGTGTTC-1,0
TGAGCTTTAATGACGC-1,4
TGAGGAGTGCCAGCTT-1,0
TGAGTAAATTAGCGTA-1,5
TGAGTGCCTCTTAAAT-1,9
TGAGTGGTCCGTGACG-1,4
TGATACATTTAGCCGT-1,1
TGATCAGGGAACTGCT-1,2
TGATCGGTTTGACCCT-1,10
TGATCTCCGGCGCCAG-1,1
TGATTCCCGGTTACCT-1,0
TGATTCGTCTATCACT-1,1
TGATTCTGTCGCCGGT-1,9
TGATTTATTAGCTGTG-1,13
TGATTTCCTCCTGACG-1,13
TGCAACCCATCTGCGG-1,6
TGCAAGAATGACGTAA-1,15
TGCACGAGTCGGCAGC-1,10
TGCAGAACTATATCGT-1,8
TGCAGAGTACCGAGCA-1,1
TGCAGATCGTCCTAGG-1,2
TGCAGCTACGTACTTC-1,6
TGCAGGATCGGCAAAG-1,5
TGCAGTGGTAGGGAAC-1,8
TGCAGTTTCCTCCCAT-1,4
TGCATATGTCTGTCAC-1,4
TGCATGGATCGGATCT-1,5
TGCATGTGGTAATCTA-1,5
TGCCAAAGTCAGACTT-1,2
TGCCAATGGGTACTCT-1,9
TGCCACCTGGCGAAAC-1,4
TGCCAGTACGTGGAGA-1,0
TGCCATTACTAAAGAA-1,4
TGCCCGTACCGTTAAA-1,0
TGCCGGATGTACGAGC-1,7
TGCCGTGGATCGTCCT-1,0
TGCCTGACATCGGTCA-1,2
TGCCTGATCAAACGAT-1,5
TGCCTTGGCCAGGCAA-1,14
TGCGACACCCTAGTGC-1,9
TGCGACGGCCGAACGT-1,7
TGCGAGAATATTACCC-1,9
TGCGCAAAGCATTTGG-1,15
TGCGCGATTAACGGAG-1,11
TGCGGAGTAAAGGTGC-1,5
TGCGGCATAGTTCAAC-1,1
TGCGGTGAAATTTCAT-1,10
TGCGTAAGAACCTGAT-1,9
TGCGTCATGACTGAGC-1,8
TGCGTGATTGGGTGTC-1,6
TGCGTTTGTTGACACT-1,0
TGCTAAGTGTCTATTT-1,14
TGCTATACAAACGGAC-1,12
TGCTATGGCAAAGGGA-1,7
TGCTCCACAGTTCTTA-1,3
TGCTCGGCGAAACCCA-1,0
TGCTCGGTGGGTCACC-1,6
TGCTCTTGAGAGTTTG-1,0
TGCTGGTTGGACAATT-1,11
TGCTGTTGAAGAACTC-1,5
TGCTTAGAGAGAATGC-1,7
TGCTTCCCAAGCAGTA-1,0
TGCTTGAAACCATGCA-1,6
TGGAAGAAGGGAACGT-1,13
TGGAAGACGAACACCA-1,1
TGGAAGGATAAAGATG-1,5
TGGAATTAGACGCTTT-1,8
TGGACCAATCTAAGAT-1,0
TGGACCACGGCGTTGA-1,2
TGGACGCAATCCAGCC-1,8
TGGACTGTTCGCTCAA-1,15
TGGAGCTAAAGTTCCC-1,12
TGGAGTGATGCGATGA-1,1
TGGCAAACTAAATTAC-1,0
TGGCAACTCGCGCGCC-1,4
TGGCAAGCACAAGTCG-1,7
TGGCAGATTACGATCA-1,9
TGGCAGCAGTAATAGT-1,9
TGGCCAAACTGAAGTA-1,5
TGGCCGTATATTGACC-1,8
TGGCGACTGCTCCAAA-1,9
TGGCGATCAAGTTATG-1,5
TGGCGGTGTGCGATTG-1,13
TGGCTATGTGACATAC-1,14
TGGCTTTGGGTAGACA-1,11
TGGGAAATGCCTTTCC-1,7
TGGGCACAAACAGAAC-1,13
TGGGCACGTTCTATGG-1,4
TGGGCCACAAGAGCGC-1,4
TGGGCCCATACTAATT-1,0
TGGGCGATACAATAAG-1,6
TGGGTAAGGTTCCCGC-1,12
TGGGTTTCGGGCGTAC-1,7
TGGTAGAATATATGGG-1,3
TGGTATCGCATCCCAA-1,10
TGGTATCGGTCTGTAT-1,12
TGGTCCCACGCTACGG-1,0
TGGTCTGTTGGGCGTA-1,1
TGGTTCAACGGGTAAT-1,0
TGGTTCGTAGCAAAGG-1,11
TGGTTGGAGGATCCTG-1,10
TGTACCTACACGAGGG-1,6
TGTACGAACAAATCCG-1,9
TGTACTGTGCCAAAGT-1,12
TGTAGGAGAAATTTCC-1,4
TGTAGTGATCTATAAT-1,1
TGTATAACAGATCCTG-1,5
TGTATCCTTATTCCAT-1,10
TGTATGGCGCAGACAG-1,3
TGTCCCGACATAGCAC-1,10
TGTCCGTGGCGCCTTT-1,16
TGTCCTAAGTCACCGC-1,2
TGTCGGCATGGTGGAA-1,1
TGTCGTTATCACATAT-1,6
TGTCTACAGTTTCTGT-1,1
TGTGACTACGCCAGTC-1,5
TGTGAGACTAGCCCAA-1,0
TGTGCCGGTGCCGGAA-1,15
TGTGCTTTACGTAAGA-1,2
TGTGGCAAAGCGTATG-1,4
TGTGGCGGGCTTCTGG-1,0
TGTGGTTGCTAAAGCT-1,7
TGTGTCGCGAGTTGCA-1,16
TGTGTTCGTATCCAAG-1,16
TGTTATTGTATGTGGC-1,0
TGTTCCGCTTCCATGA-1,13
TGTTCGTATTGCGGTG-1,5
TGTTCTTCCATTGACT-1,1
TGTTGTCAAGAAGTCT-1,4
TGTTTAATACTTCATC-1,4
TGTTTCGGTACTTCTC-1,12
TTAAACAGAGTCCCGC-1,1
TTAAACCGGTAGCGAC-1,10
TTAAACTCGAATTCAT-1,3
TTAACACCTCGAACAT-1,2
TTAACCAACCCTCCCT-1,15
TTAACGTCGCAAGACC-1,10
TTAACTTCAGGTAGGA-1,2
TTAAGATAGGATTGAC-1,3
TTAAGCCGACAACTTC-1,10
TTAAGCGCCTGACCCA-1,1
TTAAGGATACGGAGGT-1,1
TTAAGGCCCGTACTTT-1,7
TTAATCAGTACGTCAG-1,4
TTAATGTAGACCAGGT-1,15
TTAATTGCTTTGGGTG-1,14
TTAATTTCAGACGCGG-1,4
TTACAACTACGCATCC-1,8
TTACAGACCTAAATGA-1,3
TTACATCGTGGCCTGG-1,11
TTACATGCCACAACTA-1,3
TTACCATTGATTACCC-1,2
TTACCCATTGCCGGGT-1,4
TTACCCTAACAGTCCT-1,7
TTACCCTAGGGATTGG-1,0
TTACCGCCTTAGGGAA-1,2
TTACGGATGGTTCGAG-1,3
TTACGGTGTCACCGAG-1,1
TTACTAAAGGACTTTA-1,0
TTACTATCGGCTTCTC-1,6
TTACTCCGGCCGGGAA-1,5
TTACTCTGGTACGTAC-1,2
TTACTGGGATATTTCA-1,5
TTAGAAGAACATGACT-1,0
TTAGAATAAGGGTCGG-1,7
TTAGACACGATCGTTG-1,4
TTAGACGAGTCACCTC-1,0
TTAGAGTTTAGAAGGA-1,0
TTAGATAGGTCGATAC-1,2
TTAGCAACATGGATGT-1,8
TTAGCTAATACGATCT-1,3
TTAGCTGATTTGCCGT-1,3
TTAGGTCATAACCGAC-1,7
TTAGTAGGGCGGCGGG-1,2
TTAGTTATTCGTGGCA-1,3
TTATAGATGCACATTA-1,10
TTATAGGTAATTGTCT-1,14
TTATATACGCTGTCAC-1,15
TTATATTTGGCAATCC-1,11
TTATCCAATCGAACTC-1,1
TTATCCGGGATCTATA-1,0
TTATCCTCAAGGAATA-1,8
TTATCGCCTGCGAAGC-1,6
TTATCTGTATCATAAC-1,11
TTATGAATGAAAGGGA-1,5
TTATGACAAACTGGAT-1,8
TTATGATCTTAACGAA-1,4
TTATGCGTCCCGGTCC-1,1
TTATGTTTGCGATAGA-1,8
TTATTAGAGCGTGTTC-1,7
TTATTAGGGAAGCATC-1,5
TTCAAAGTCTCTAGCC-1,10
TTCAACGACCCGACCG-1,11
TTCAAGCCGAGCTGAG-1,12
TTCAATACTCTGAATC-1,4
TTCAATTAGCCATAAT-1,6
TTCACGAAAGGATCAC-1,1
TTCACGGTCGTCACGT-1,7
TTCACTCGAGCACCTA-1,0
TTCAGAGTAACCTGAC-1,2
TTCAGCCCTGGTCCAC-1,0
TTCAGCTGGCGTGCCC-1,15
TTCAGGCGTCAAAGCC-1,6
TTCATGGCGCAACAGG-1,4
TTCCAATCAGAGCTAG-1,3
TTCCAATCTGGCTATC-1,9
TTCCACACAGATTTGA-1,9
TTCCGCAGAGAAATAT-1,6
TTCCGCGTGAGGCGAT-1,5
TTCCGGCCTTGAGGCT-1,9
TTCCGGTTACCCACTT-1,0
TTCCTCGAGGGTGTCT-1,11
TTCCTCGGACTAACCA-1,0
TTCCTTTCTGTGTTGC-1,1
TTCGACAGAGCCCGTG-1,0
TTCGACGGGAAGGGCG-1,16
TTCGCACTCGCGTGCT-1,16
TTCGCACTGTACGACA-1,0
TTCGCATCCGGAAGCA-1,2
TTCGCGCGCCATACGA-1,9
TTCGCTATCTGACGTG-1,6
TTCGGCAACCCGCTGA-1,10
TTCGGCTAGAGATGGT-1,13
TTCGGGACTAATCGCG-1,5
TTCGGGCGCTAGTCTT-1,7
TTCGGTACTGTAGAGG-1,10
TTCGTAATCCCAGCGG-1,10
TTCGTACTCCAGAACG-1,2
TTCTAACCGAAGCTTA-1,4
TTCTACCTCAATCGGT-1,7
TTCTACTTGCGAGGGC-1,8
TTCTAGAAAGTCTTAT-1,7
TTCTAGGCCAATTGTG-1,11
TTCTATTAAACGCAGC-1,6
TTCTCAATTGCTACAA-1,7
TTCTGACCGGGCTCAA-1,14
TTCTGCCGCGCCTAGA-1,0
TTCTGCGAGCGCCCTT-1,2
TTCTGCGGGTTAGCGG-1,4
TTCTTAGTGAACGGTG-1,15
TTCTTAGTGGCTCAGA-1,5
TTCTTATCCGCTGGGT-1,3
TTCTTGAGCCGCGCTA-1,9
TTCTTGGACGATCTGC-1,2
TTCTTGGAGTAATGAG-1,4
TTCTTGTAACCTAATG-1,8
TTGAACGAATCCTTTG-1,8
TTGAACGACGTGCTGA-1,0
TTGAAGAATTCCCAGG-1,1
TTGAATATGGACTTTC-1,5
TTGAATTCACGTGAGG-1,3
TTGACAGGAGCTCCCG-1,3
TTGACATGAACGTGGA-1,2
TTGACCAGGAACAACT-1,12
TTGACCATGTTCTCCG-1,4
TTGACCGTGTTAATGA-1,2
TTGACGATTCAGCACG-1,10
TTGACGCTCCATGAGC-1,3
TTGACTACCATATGGT-1,1
TTGACTATTGTCCGGC-1,3
TTGAGAAGTTTAGCAT-1,14
TTGAGAGTACTGCTAA-1,13
TTGATCTAACTTTGTC-1,1
TTGATGCCGCTCGTCG-1,8
TTGATGTGTAGTCCCG-1,4
TTGATTAGCTGTTTCT-1,2
TTGATTATGCAGATGA-1,8
TTGCACAATTCAGAAA-1,9
TTGCACGGAGCAGCAC-1,12
TTGCATGCTGATCACG-1,13
TTGCCATAGCCCGCTC-1,2
TTGCCCTGATCACGGG-1,1
TTGCCGCAGACCTACA-1,8
TTGCCGCTTTCTAGTA-1,0
TTGCCTAATCCAAAGT-1,8
TTGCGGCATCAGAAAG-1,9
TTGCGTAGTTTGAGGA-1,8
TTGCGTCGGCCAACCG-1,9
TTGCTCCCATACCGGA-1,5
TTGCTGAAGGAACCAC-1,15
TTGCTGATCATGTTCG-1,1
TTGCTGCACCTATCCA-1,2
TTGCTGGCCGGGCTTC-1,4
TTGGAAGAATACAGTC-1,8
TTGGACATGTGGCTTA-1,2
TTGGACCATCTGGCAA-1,6
TTGGACCTATAACAGT-1,14
TTGGAGTCTCCCTTCT-1,1
TTGGATATCGTCTACG-1,9
TTGGATCGACTTCTGG-1,10
TTGGATTGGGTACCAC-1,11
TTGGCCATCTTGCGCT-1,2
TTGGCCTAGAATTTCG-1,10
TTGGCTCGCATGAGAC-1,8
TTGGGAAGACGAGCCG-1,6
TTGGGACACTGCCCGC-1,15
TTGGGCGGCGGTTGCC-1,5
TTGGTCACACTCGTAA-1,9
TTGGTTGCGGTGCGCG-1,2
TTGTAAGGACCTAAGT-1,2
TTGTAAGGCCAGTTGG-1,4
TTGTAATCCGTACTCG-1,9
TTGTATCACACAGAAT-1,12
TTGTCGTTCAGTTACC-1,11
TTGTGAACCTAATCCG-1,14
TTGTGCAGCCACGTCA-1,14
TTGTGGCCCTGACAGT-1,11
TTGTGGTAGGAGGGAT-1,2
TTGTGTATGCCACCAA-1,0
TTGTGTTTCCCGAAAG-1,5
TTGTTCAGTGTGCTAC-1,12
TTGTTGTGTGTCAAGA-1,5
TTGTTTCACATCCAGG-1,7
TTGTTTCATTAGTCTA-1,7
TTGTTTCCATACAACT-1,2
TTGTTTGTGTAAATTC-1,12
